calle,comuna,altura_inicial,altura_final
1 DE AGOSTO DIA DE LA PACHAMAMA,8,3902,3951
10 DE DICIEMBRE DE 1983,4,0,1
10 DE ENERO DE 2001,8,4252,4301
10 DE OCTUBRE DE 1996,4,0,1
11 DE MAYO DE 1974,1,452,651
11 DE SEPTIEMBRE DE 1888,13,0,4901
11 DE SEPTIEMBRE DE 1888,14,702,1401
12 DE OCTUBRE,15,0,1901
14 DE ABRIL,8,0,1
14 DE JULIO,15,0,1701
14 DE SEPTIEMBRE,7,0,1
15 DE NOVIEMBRE DE 1889,1,1102,1801
15 DE NOVIEMBRE DE 1889,4,0,2701
17 DE OCTUBRE,8,0,1
18 DE OCTUBRE DE 1908,8,0,4701
1RO DE MAYO,4,1802,2001
2 DE ABRIL DE 1982,8,6402,7001
20 DE FEBRERO,12,5602,6101
20 DE JUNIO,4,0,1
20 DE SEPTIEMBRE,4,2,101
20 DE SETIEMBRE,4,0,601
23 DE AGOSTO DE 1997,4,0,1
23 DE JUNIO,8,4202,4601
24 DE NOVIEMBRE,3,0,1601
24 DE NOVIEMBRE,4,1602,2301
25 DE MAYO,1,2,801
3 DE ABRIL,4,0,1
3 DE DICIEMBRE DE 2009,1,452,651
3 DE FEBRERO,13,0,4901
3 DE FEBRERO,14,702,1401
5 DE JULIO,1,402,501
8 DE DICIEMBRE,4,2,211
8 DE JULIO DE 2008,4,0,1
8 DE MARZO,1,1702,1801
8 DE MARZO DE 1908,8,4352,4401
A. MAGARIÃOS CERVANTES,10,3802,5701
A. MAGARIÃOS CERVANTES,11,0,3801
ABRAHAM J. LUPPI,4,0,1991
ACASSUSO,9,0,7631
ACASSUSO,10,5102,5601
ACCESO DOT,12,0,1
ACCESO MAIPU,1,0,1
ACCESO NORTE - PANAMERICANA,0,0,1
ACCESO NORTE - PANAMERICANA,12,0,1
ACCESO PARQUE DE LOS NIÃOS,13,0,1
ACCESO WILSON,0,0,1
ACEVEDO,15,2,1201
ACHALA,4,0,3701
ACHAVAL,6,202,501
ACHAVAL,7,502,957
ACHEGA,12,2902,3601
ACHIRA,12,4902,5001
ACHUPALLAS,11,1602,1701
ACONCAGUA,9,0,6001
ACONCAGUA,10,5602,5651
ACOSTA ÃU,4,0,1
ACOYTE,6,0,1101
ACOYTE,15,1102,1711
ADOLFO ALSINA,1,0,1801
ADOLFO ALSINA,3,1802,3301
ADOLFO BIOY CASARES,2,2002,2101
ADOLFO GONZALES CHAVES,9,202,301
ADOLFO P. CARRANZA,11,2202,3201
ADOLFO P. CARRANZA,15,2002,2201
ADOLFO SALDIAS,4,2202,2301
AEROLINEAS ARGENTINAS,14,0,1
AGACES,4,0,301
AGENTE CEFERINO GARCIA,11,2102,2301
AGENTE DOMINGO DEDICO,11,2102,2201
AGRELO,3,3002,3301
AGRELO,5,3302,4401
AGUAI,1,2002,2051
AGUARA GUAZU,1,1602,2451
AGUARIBAY,10,6702,7001
AGUAS BUENAS,12,3002,3201
AGUERO,2,1002,2701
AGUERO,3,2,1001
AGUILAR,13,2402,2901
AGUILAR,14,0,2401
AGUIRRE,15,0,1701
AGUSTIN ALVAREZ,12,4702,5201
AGUSTIN DE VEDIA,0,0,2701
AGUSTIN DE VEDIA,4,0,3901
AGUSTIN DE VEDIA,7,2002,2301
AGUSTIN MAGALDI,4,1202,2301
AGUSTIN MENDEZ,14,0,1
AGUSTIN R. CAFFARENA,4,2,201
AIME PAINE,1,0,1701
AIZPURUA,12,0,3901
ALAGON,4,2,501
ALBANIA,10,4502,4701
ALBARIÃO,0,2,801
ALBARIÃO,8,2502,4401
ALBARIÃO,9,0,2501
ALBARIÃO,10,0,1
ALBARRACIN,7,1402,2101
ALBERTI,3,2,1601
ALBERTI,4,1602,2201
ALBERTO DEMIDDI,8,0,4601
ALBERTO EINSTEIN,4,0,1151
ALBERTO GERCHUNOFF,12,0,6001
ALBERTO MORTZ,1,0,1
ALBERTO WILLIAMS,12,5602,6101
ALBERTO ZORRILLA,8,0,4601
ALCARAZ,10,0,6301
ALEJANDRO DUMAS,9,1802,2001
ALEJANDRO M. DE AGUADO,14,2802,2901
ALEJANDRO MOHR,10,2202,2501
ALEMANIA,12,2702,2801
ALERCE,1,2502,2601
ALFARERO,8,4102,4201
ALFEREZ DE FRAGATA JOAQUIN RIVAS,4,0,1
ALFONSINA STORNI,12,3602,3801
ALFREDO COLMO,4,3702,4001
ALFREDO GRAMAJO GUTIERREZ,4,3602,3701
ALFREDO GUTTERO,12,3602,3801
ALFREDO L. PALACIOS,4,0,1401
ALFREDO R. BUFANO,7,702,1201
ALFREDO R. BUFANO,11,1202,2821
ALGARROBO,4,802,1101
ALICANTE,10,1902,2001
ALJABA MAGALLANICA,1,2502,2601
ALLENDE,10,0,2701
ALLENDE,11,0,4601
ALMAGRO,11,1602,1701
ALONSO RODRIGUEZ,7,1302,1401
ALPACA,1,0,2477
ALPATACAL,9,6302,6701
ALTA GRACIA,11,3102,3601
ALTE. AUGUSTO LASERRE,9,2002,2101
ALTE. MANUEL J. GARCIA,13,902,1201
ALTE.ATILIO S. BARILARI,13,1302,1501
ALTE.DANIEL DE SOLIER,13,902,1201
ALTE.F.J. SEGUI,6,252,1701
ALTE.F.J. SEGUI,11,1702,2001
ALTE.F.J. SEGUI,15,2002,2601
ALTE.ONOFRE BETBEDER,13,1202,1501
ALTOLAGUIRRE,12,0,3601
ALTOLAGUIRRE,15,1202,1801
ALVAR NUÃEZ,4,2,501
ALVARADO,4,1902,3401
ALVAREZ JONTE,0,0,2201
ALVAREZ JONTE,11,2202,2501
ALVAREZ JONTE,15,1502,1781
ALVEAR,1,0,1601
ALVEAR,2,1602,1801
ALZAGA,5,0,2301
AMADEO JACQUES,9,6702,7101
AMALIA,9,302,701
AMALIA C. FIGUEREDO,8,4352,4401
AMAMBAY,12,3502,3601
AMANCAY,9,0,1
AMBERES,6,702,1101
AMBROSIO OLMOS,4,0,1301
AMENABAR,12,0,4201
AMENABAR,13,402,3601
AMENABAR,14,2,401
AMOR PORTEÃO,1,2402,2801
AMPERE,6,802,901
AMSTERDAM,11,3702,3801
ANA DIAZ,8,0,5901
ANA MARIA JANER,4,0,1901
ANA MARIA JANER,7,2102,2401
ANA MARIA JANER,8,0,4001
ANA MARIA JANER (NO OFICIAL),7,0,1
ANASAGASTI,14,2002,2101
ANCASTE,4,2952,3801
ANCHORIS,4,2,401
ANCON,14,5102,5401
ANDALGALA,9,0,3101
ANDALUCIA,11,3302,3501
ANDONAEGUI,12,0,4001
ANDONAEGUI,15,902,1801
ANDORRA,9,7402,7601
ANDRES ARGUIBEL,14,2802,2951
ANDRES BELLO,14,0,1
ANDRES BIANCHI,9,7402,7501
ANDRES FERREYRA,4,3502,4301
ANDRES LAMAS,7,702,1101
ANDRES LAMAS,11,0,2301
ANDRES LAMAS,15,0,2701
ANGACO,5,4042,4301
ANGEL JUSTINIANO CARRANZA,14,1302,2401
ANGEL JUSTINIANO CARRANZA,15,902,1301
ANGEL M. GIMENEZ,6,2,101
ANGELINA PAGANO,12,0,1
ANIBAL P. ARBELETCHE,4,802,1651
ANIBAL PONCE,4,1602,1701
ANIBAL TROILO,5,902,1001
ANKARA,9,5402,5501
ANSELMO SAENZ VALIENTE,0,2,201
ANTEQUERA,1,1702,1801
ANTEZANA,15,0,601
ANTOFAGASTA,9,5202,5301
ANTONINO M. FERRARI,6,902,1201
ANTONIO BERMUDEZ,9,1402,1501
ANTONIO L. ZOLEZZI,4,2,301
ANTONIO MACHADO,6,0,701
ANTONIO SOTO,12,0,1
ANTONIO VESPUCIO LIBERTI (NO OFICIAL),14,0,1
APULE,4,1602,1701
AQUINO,8,0,6501
ARAOZ,14,0,3001
ARAOZ,15,2,1101
ARAUJO,8,2402,4401
ARAUJO,9,0,2401
ARAUJO,10,0,771
ARCAMENDIA,4,664,801
ARCE,14,0,1001
ARCOS,13,0,4901
ARCOS,14,1102,1401
ARENALES,1,702,1401
ARENALES,2,1402,3301
ARENALES,14,3302,3901
ARENGREEN,6,0,1601
AREQUIPA,1,0,2477
AREVALO,14,0,3101
ARGAÃARAS,15,2,101
ARGELIA,12,2702,2801
ARGERICH,7,2,1101
ARGERICH,11,1102,3401
ARGERICH,12,4102,5901
ARGERICH,15,3502,4101
ARIAS,12,0,5001
ARIAS,13,1602,2401
ARIEL,11,2502,2601
ARISMENDI,15,2402,3001
ARISTOBULO DEL VALLE,4,2,2101
ARIZONA,12,4702,4801
ARJONILLA,2,2302,2401
ARMENIA,14,1202,2501
ARNALDO D'ESPOSITO,4,102,251
AROMA,7,2302,2401
AROMO,12,4802,4901
ARQUIMEDES,4,2102,2501
ARREGUI,0,2102,2201
ARREGUI,10,3902,6901
ARREGUI,11,2202,3901
ARRIBEÃOS,13,1402,3801
ARRIBEÃOS,14,1202,1401
ARRIOLA,4,2,301
ARROTEA,7,602,1101
ARROYO,1,0,1201
ARTILLEROS,13,1802,2501
ARTURO ANTONIO DRESCO,14,2542,2581
ARTURO BERUTI,4,4202,4601
ARTURO CAPDEVILA,2,1602,1701
ARTURO JAURETCHE,6,2,301
ARTURO TOSCANINI,1,1102,1201
ARZOBISPO ESPINOSA,4,0,1601
ASCASUBI,4,3152,3401
ASIA,7,1402,1501
ASTOR PIAZZOLLA,4,3002,3651
ASTURIAS AV (NO OFICIAL),8,0,1
ASUNCION,10,5302,5401
ASUNCION,11,0,5301
ASUNCION,15,2102,3275
ATACALCO,14,1702,2201
ATAHUALPA,10,902,1701
ATENAS,15,2802,3001
ATHOS PALMA,12,3802,3901
ATLANTICO SUR,8,4802,5001
ATUEL,4,0,1101
AU DELLEPIANE LUIS,0,0,1
AU DELLEPIANE LUIS,8,0,1
AU DELLEPIANE LUIS,9,0,1
AU. 25 DE MAYO,0,0,1
AU. 25 DE MAYO,1,0,1
AU. 25 DE MAYO,3,0,1
AU. 25 DE MAYO,5,0,1
AU. 25 DE MAYO,7,0,1
AU. 25 DE MAYO,9,0,1
AU. ARTURO FRONDIZI,0,0,1
AU. ARTURO FRONDIZI,1,0,1
AU. ARTURO FRONDIZI,4,0,1
AU. ARTURO ILLIA,0,0,1
AU. ARTURO ILLIA,1,0,1
AU. ARTURO ILLIA,13,0,1
AU. ARTURO ILLIA,14,0,1
AU. ARTURO ILLIA - BAJADA AV DEL LIBERTADOR,1,0,1
AU. ARTURO ILLIA - BAJADA AV SARMIENTO,14,0,1
AU. ARTURO ILLIA - BAJADA SALGUERO,2,0,1
AU. ARTURO ILLIA - SUBIDA AV CASTILLO,2,0,1
AU. ARTURO ILLIA - SUBIDA AV DEL LIBERTADOR,1,0,1
AU. ARTURO ILLIA - SUBIDA AV SARMIENTO,14,0,1
AU. ARTURO ILLIA - SUBIDA SALGUERO,0,0,1
AU. ARTURO ILLIA - SUBIDA SALGUERO,14,0,1
AU. BUENOS AIRES - LA PLATA,0,0,1
AU. BUENOS AIRES - LA PLATA,4,0,1
AU. DR. RICARDO BALBIN,0,0,1
AU. HÃCTOR CÃMPORA,0,0,1
AU. HÃCTOR CÃMPORA,7,0,1
AU. HÃCTOR CÃMPORA,8,0,1
AU. PDTE. DR. RAUL ALFONSIN (ex PASEO DEL BAJO),0,0,1
AU. PDTE. DR. RAUL ALFONSIN (ex PASEO DEL BAJO),1,0,1
AU. PERITO MORENO,0,0,1
AU. PERITO MORENO,9,0,1
AU. PERITO MORENO,10,0,1
AUSTRALIA,4,3202,3251
AUSTRIA,2,1702,2901
AV BARRIO NUEVO LAS TIRAS (NO OFICIAL),8,3102,3301
AV MANUEL MONTES DE OCA,4,0,2101
AV. 27 DE FEBRERO,0,0,1
AV. 27 DE FEBRERO,4,0,5501
AV. 27 DE FEBRERO,8,0,6501
AV. 9 DE JULIO,1,0,2001
AV. ACOYTE,6,2,801
AV. ANGEL GALLARDO,0,0,1101
AV. CALLAO,0,2,801
AV. CALLAO,2,802,2201
AV. CARABOBO,7,0,1701
AV. CARLOS CALVO,5,3802,4401
AV. CARLOS J. FINLAY,6,0,1
AV. CARRASCO,10,0,1001
AV. CASARES,14,0,4101
AV. CASEROS,0,1002,4201
AV. CASEROS,1,0,1
AV. CASEROS,4,0,3281
AV. CASTAÃARES,0,0,1
AV. CASTAÃARES,7,0,3001
AV. CASTAÃARES,8,0,6801
AV. CASTAÃARES,9,0,1
AV. CASTRO BARROS,5,2,501
AV. CERVIÃO,14,0,4901
AV. CHICLANA,3,2802,2931
AV. CHICLANA,4,0,4301
AV. CHICLANA,5,0,3901
AV. CHILE,1,0,401
AV. CHIVILCOY,11,0,5101
AV. CHORROARIN,15,0,1501
AV. CNEL. CARDENAS,9,0,3101
AV. CNEL. DIAZ,0,0,2501
AV. CNEL. DIAZ,14,2502,2901
AV. COBO,0,502,1201
AV. COBO,7,1202,1901
AV. COLOMBIA,14,0,3051
AV. COLONIA,4,2,601
AV. CORDOBA,0,0,6001
AV. CORDOBA,1,0,1401
AV. CORDOBA,2,0,1
AV. CORDOBA,15,6002,6301
AV. COREA,7,1702,1901
AV. CORRIENTES,1,0,1801
AV. CORRIENTES,3,1802,3401
AV. CORRIENTES,5,3402,4701
AV. CORRIENTES,15,0,6901
AV. CRAMER,13,0,3301
AV. CRISOLOGO LARRALDE,0,2402,3101
AV. CRISOLOGO LARRALDE,12,0,6901
AV. CRISOLOGO LARRALDE,13,1502,2401
AV. DARACT,4,2002,2301
AV. DE LOS INCAS,13,0,3551
AV. DE LOS INCAS,15,0,5501
AV. DE LOS ITALIANOS,1,0,1201
AV. DE LOS OMBUES,14,0,301
AV. DE MAYO,1,502,1601
AV. DEL CAMPO,15,0,1701
AV. DERQUI,9,0,4501
AV. DIRECTORIO,0,2,3701
AV. DIRECTORIO,7,1702,3201
AV. DIRECTORIO,9,0,7501
AV. DR.T. ACHAVAL RODRIGUEZ,1,0,1551
AV. EDUARDO MADERO,1,0,1501
AV. ELCANO,13,0,3601
AV. ELCANO,15,0,4701
AV. EMILIO CASTRO,0,5102,5601
AV. EMILIO CASTRO,9,0,7701
AV. ENTRE RIOS,0,2,2201
AV. EREZCANO,4,0,4001
AV. ESCALADA,0,0,2701
AV. ESCALADA,8,0,5401
AV. ESCALADA,9,0,2201
AV. ESCALADA,10,0,601
AV. ESPAÃA,4,0,3351
AV. ESTADO DE ISRAEL,0,0,4801
AV. FEDERICO LACROZE,13,2402,3501
AV. FEDERICO LACROZE,14,1902,2401
AV. FEDERICO LACROZE,15,0,4201
AV. FOREST,0,0,1801
AV. FOREST,15,302,1201
AV. GAONA,0,0,4201
AV. GAONA,6,0,2301
AV. GAONA,10,0,5201
AV. GARCIA DEL RIO,12,0,3201
AV. GARMENDIA,15,0,5001
AV. GENDARMERIA NACIONAL,1,502,801
AV. GENERAL BENJAMIN VICTORICA,15,0,3301
AV. GUZMAN,15,0,1101
AV. HIPOLITO YRIGOYEN,1,0,1801
AV. HIPOLITO YRIGOYEN,3,3282,3301
AV. HIPOLITO YRIGOYEN,5,3302,4401
AV. HONDURAS,14,3702,4201
AV. INDEPENDENCIA,1,0,1801
AV. INDEPENDENCIA,3,1802,3301
AV. INDEPENDENCIA,5,3302,4401
AV. INFANTA ISABEL,14,0,1001
AV. IRAOLA,14,0,1
AV. JORGE NEWBERY,15,3402,4901
AV. JOSE FAGNANO,11,0,3701
AV. JUAN DE GARAY,0,1802,3301
AV. JUAN DE GARAY,1,0,1801
AV. JUAN DE GARAY,3,0,1
AV. JUAN DE GARAY,5,3302,4401
AV. JUJUY,3,2,1601
AV. JUJUY,4,1602,2201
AV. JURAMENTO,13,0,2901
AV. LACARRA,0,0,2201
AV. LACARRA,8,2202,4001
AV. LACARRA,9,0,1801
AV. LAFUENTE,7,0,1801
AV. LAFUENTE,8,0,2601
AV. LARRAZABAL,8,0,5451
AV. LARRAZABAL,9,0,1301
AV. LASTRA,11,0,4401
AV. LEOPOLDO LUGONES,13,0,1
AV. LEOPOLDO LUGONES,14,0,1
AV. LIBRES DEL SUR,2,31,100
AV. LILLO,6,0,1
AV. LINCOLN,11,0,4701
AV. LOPE DE VEGA,0,0,3601
AV. LOPE DE VEGA,10,602,2201
AV. LUIS M. CAMPOS,13,1402,1701
AV. LUIS M. CAMPOS,14,0,1401
AV. MAIPU,1,1102,1301
AV. MARIA CURIE,6,0,1
AV. MARIANO ACOSTA,0,302,601
AV. MARIANO ACOSTA,9,0,1421
AV. MARIANO ACOSTA,10,2,301
AV. MARTIN GARCIA,0,232,401
AV. MARTIN GARCIA,1,0,1
AV. MARTIN GARCIA,4,0,901
AV. MIGUEL SANCHEZ,13,1002,1501
AV. MONROE,0,0,3601
AV. NAZCA,7,2,1101
AV. NAZCA,11,0,3401
AV. NAZCA,15,3402,3501
AV. OLAZABAL,12,0,5701
AV. OLAZABAL,13,0,3701
AV. OLIVERA,9,0,1601
AV. OLIVERA,10,0,401
AV. OSVALDO CRUZ,4,0,3401
AV. PARQUE ROBERTO GOYENECHE,12,0,4851
AV. PASEO COLON,0,0,1701
AV. PASEO COLON,1,0,1501
AV. PATRICIAS ARGENTINAS,6,0,501
AV. PAVON,5,0,4401
AV. PEDRO GOYENA,6,2,1701
AV. PEDRO GOYENA,7,1702,1801
AV. PICHINCHA,4,1602,2001
AV. PIEDRA BUENA,8,0,5701
AV. PINEDO,4,802,1201
AV. PRES. RAMON S. CASTILLO,0,0,1757
AV. PRES. RAMON S. CASTILLO,1,0,701
AV. PRES. RAMON S. CASTILLO,2,0,2801
AV. PUEYRREDON,2,0,2701
AV. PUEYRREDON,3,2,1001
AV. RESERVISTAS ARGENTINOS,9,0,731
AV. RIESTRA,0,0,1801
AV. RIESTRA,4,0,1601
AV. RIESTRA,7,0,2601
AV. RIESTRA,8,0,6401
AV. RIVADAVIA,0,4502,4553
AV. RIVADAVIA,1,0,1801
AV. RIVADAVIA,3,0,3401
AV. RIVADAVIA,5,3402,4501
AV. RIVADAVIA,6,0,6201
AV. RIVADAVIA,7,6202,7701
AV. RIVADAVIA,9,0,11701
AV. RIVADAVIA,10,0,10401
AV. ROENTGEN,6,0,1
AV. ROSALES,1,0,401
AV. SALVADOR MARIA DEL CARRIL,0,2102,3301
AV. SALVADOR MARIA DEL CARRIL,11,0,5201
AV. SAN ISIDRO LABRADOR,12,0,4901
AV. SAN JUAN,1,2,1801
AV. SAN JUAN,3,0,3301
AV. SAN JUAN,5,3302,4401
AV. SANTA FE,1,602,1401
AV. SANTA FE,2,1402,3201
AV. SANTA FE,14,0,5401
AV. SARMIENTO,14,0,4801
AV. SEGUROLA,10,0,2501
AV. SEGUROLA,11,0,4701
AV. TILCARA,4,2602,3101
AV. TRIUNVIRATO,12,0,6601
AV. TRIUNVIRATO,15,0,4101
AV. URUGUAY,1,402,801
AV. VARELA,0,0,2801
AV. VARELA,7,502,2201
AV. VARELA,8,0,3501
AV. VELEZ SARSFIELD,4,0,2101
AV. VERNET,7,2,421
AV. VIRREY VERTIZ,13,0,2101
AV. WARNES,15,0,2801
AV.ADOLFO BERRO,14,0,1
AV.ALBARELLOS,12,2302,3201
AV.ALICIA MOREAU DE JUSTO,1,0,2101
AV.ALMAFUERTE,4,0,901
AV.ALTE.BROWN,4,0,1501
AV.ALVAREZ JONTE,0,6302,6401
AV.ALVAREZ JONTE,9,6402,6601
AV.ALVAREZ JONTE,10,0,6301
AV.ALVAREZ JONTE,11,0,3901
AV.ALVAREZ THOMAS,0,0,1301
AV.ALVAREZ THOMAS,12,0,3701
AV.ALVAREZ THOMAS,14,0,1
AV.ALVAREZ THOMAS,15,0,2401
AV.ALVEAR,1,0,1401
AV.ALVEAR,2,0,2201
AV.AMANCIO ALCORTA,4,0,4201
AV.ANTARTIDA ARGENTINA,0,1302,1701
AV.ANTARTIDA ARGENTINA,1,0,1301
AV.ARGENTINA,8,0,7001
AV.ARREGUI,10,0,6501
AV.ASAMBLEA,7,0,2301
AV.ASTURIAS,0,0,1
AV.ASTURIAS,8,0,1
AV.ASTURIAS,9,0,3001
AV.AUSTRALIA,4,0,3201
AV.AVELLANEDA,6,1202,1801
AV.AVELLANEDA,7,0,3201
AV.AVELLANEDA,10,3202,4201
AV.BACACAY,0,0,5901
AV.BELGRANO,1,0,1801
AV.BELGRANO,3,1802,3301
AV.BELGRANO,5,3302,3801
AV.BELISARIO ROLDAN,14,0,5101
AV.BENITO PEREZ GALDOS,4,0,401
AV.BOEDO,5,302,2101
AV.BOYACA,7,2,601
AV.BRASIL,0,0,201
AV.BRASIL,1,0,401
AV.BRASIL,4,2,41
AV.BRUIX,9,0,4901
AV.CABILDO,0,0,5001
AV.CABILDO,13,0,3701
AV.CABILDO,14,0,401
AV.CALABRIA,1,1202,1801
AV.CANONIGO MIGUEL C.DEL CORRO,10,0,701
AV.CNEL. MARCELINO E. FREYRE,14,3602,3901
AV.CNEL. NICETO VEGA,14,5412,6101
AV.CNEL. ROCA,8,0,7001
AV.CNEL.ESTEBAN BONORINO,0,0,3651
AV.CNEL.ESTEBAN BONORINO,7,0,2401
AV.COMBATIENTES DE MALVINAS,12,0,4001
AV.COMBATIENTES DE MALVINAS,15,0,3601
AV.COMODORO PY,1,0,2401
AV.CONGRESO,12,0,6001
AV.CONGRESO,13,2402,3101
AV.CORONEL RAMON L. FALCON,9,5902,6001
AV.CORONEL RAMON L. FALCON,10,0,5901
AV.COSTANERA RAFAEL OBLIGADO,0,0,6181
AV.COSTANERA RAFAEL OBLIGADO,2,0,1201
AV.COSTANERA RAFAEL OBLIGADO,13,0,7401
AV.COSTANERA RAFAEL OBLIGADO,14,0,5991
AV.CURAPALIGUE,7,0,1801
AV.DE LOS CONSTITUYENTES,12,0,6301
AV.DE LOS CONSTITUYENTES,15,0,4101
AV.DE LOS CORRALES,9,0,7501
AV.DE LOS INMIGRANTES,1,0,2601
AV.DEL BARCO CENTENERA,4,2302,2501
AV.DEL FOMENTISTA,12,0,3301
AV.DEL LIBERTADOR,1,0,801
AV.DEL LIBERTADOR,2,0,1801
AV.DEL LIBERTADOR,13,0,8701
AV.DEL LIBERTADOR,14,0,5301
AV.DIAZ VELEZ,0,3302,3401
AV.DIAZ VELEZ,5,3402,4501
AV.DIAZ VELEZ,6,0,5601
AV.DON PEDRO DE MENDOZA,4,0,4001
AV.DORREGO,0,1502,1601
AV.DORREGO,14,0,4101
AV.DORREGO,15,0,1501
AV.DR.HONORIO PUEYRREDON,6,0,1101
AV.DR.HONORIO PUEYRREDON,15,0,2201
AV.DR.JOSE MARIA RAMOS MEJIA,1,0,1701
AV.DR.RICARDO BALBIN,0,2502,2601
AV.DR.RICARDO BALBIN,12,0,5051
AV.DR.RICARDO BALBIN,13,2302,2501
AV.ELVIRA RAWSON DE DELLEPIANE,0,0,301
AV.ELVIRA RAWSON DE DELLEPIANE,1,0,701
AV.ERNESTO TORNQUIST,14,0,6401
AV.EVA PERON,0,0,7501
AV.EVA PERON,7,0,3501
AV.EVA PERON,9,0,4901
AV.FRANCISCO BEIRO,10,5302,5901
AV.FRANCISCO BEIRO,11,0,5301
AV.FRANCISCO BEIRO,15,0,3101
AV.FRANCISCO BILBAO,7,0,3401
AV.FRANCISCO BILBAO,9,0,3901
AV.FRANKLIN D. ROOSEVELT,12,0,5901
AV.GENERAL LAS HERAS,0,2702,3201
AV.GENERAL LAS HERAS,2,0,2701
AV.GENERAL LAS HERAS,14,3202,4301
AV.GENERAL MOSCONI,11,0,4531
AV.GENERAL MOSCONI,12,2102,3301
AV.GERMAN BURMEISTER,6,0,1
AV.GRAL GELLY Y OBES,2,0,2401
AV.GRAL PAZ,0,0,1
AV.GRAL PAZ,8,0,17701
AV.GRAL PAZ,9,0,14101
AV.GRAL PAZ,10,0,10201
AV.GRAL PAZ,11,0,8301
AV.GRAL PAZ,12,0,5791
AV.GRAL PAZ,13,0,1101
AV.GRAL. CESAR DIAZ,0,0,1
AV.GRAL. CESAR DIAZ,10,5602,5901
AV.GRAL. EUGENIO GARZON,9,0,6101
AV.GRAL. INDALESIO CHENAUT,14,0,2001
AV.GRAL. IRIARTE,4,0,4101
AV.GRAL.F. FERNANDEZ DE LA CRUZ,0,0,2601
AV.GRAL.F. FERNANDEZ DE LA CRUZ,4,0,1901
AV.GRAL.F. FERNANDEZ DE LA CRUZ,7,0,1
AV.GRAL.F. FERNANDEZ DE LA CRUZ,8,0,7001
AV.GUILLERMO UDAONDO,13,0,1501
AV.ING. HUERGO,1,0,1601
AV.ING.JOSE N. QUARTINO,1,0,1
AV.INT. HERNAN M. GIRALT,1,0,1101
AV.INT.BULLRICH,14,2,601
AV.INTENDENTE FRANCISCO RABANAL,4,0,2101
AV.INTENDENTE FRANCISCO RABANAL,8,0,3301
AV.ISIDRO LOREA,4,3202,3301
AV.JOSE MARIA MORENO,6,2,801
AV.JOSE MARIA MORENO,7,802,2001
AV.JUAN B. JUSTO,0,0,9701
AV.JUAN B. JUSTO,9,0,9801
AV.JUAN B. JUSTO,10,0,9901
AV.JUAN B. JUSTO,11,0,6501
AV.JUAN B. JUSTO,14,602,1601
AV.JUAN B. JUSTO,15,0,4001
AV.JUAN BAUTISTA ALBERDI,0,0,4901
AV.JUAN BAUTISTA ALBERDI,6,2,1701
AV.JUAN BAUTISTA ALBERDI,7,0,3201
AV.JUAN BAUTISTA ALBERDI,9,0,7501
AV.JUAN BAUTISTA ALBERDI,10,0,3801
AV.LA PLATA,0,2,2201
AV.LA PLATA,4,0,3001
AV.LA PLATA,5,1602,1801
AV.LA PLATA,6,0,1
AV.LA PLATA,7,0,1
AV.LA RABIDA (N),1,0,201
AV.LA RABIDA (S),0,0,201
AV.LA RABIDA (S),1,0,1
AV.LEANDRO N.ALEM,1,0,1201
AV.LIDORO J. QUINTEROS,13,0,1501
AV.LISANDRO DE LA TORRE,9,1802,3101
AV.MANUEL R. TRELLES,15,2302,2801
AV.MEDRANO,5,0,1001
AV.MELIAN,12,0,4901
AV.MELIAN,13,0,2501
AV.MENDOZA,12,0,5501
AV.OLLEROS,0,0,1521
AV.OLLEROS,14,0,1901
AV.ORTIZ DE OCAMPO,2,3196,3351
AV.ORTIZ DE OCAMPO,14,0,3195
AV.PERITO MORENO,0,0,3001
AV.PERITO MORENO,4,0,1701
AV.PERITO MORENO,7,0,3901
AV.PRES. FIGUEROA ALCORTA,0,0,1
AV.PRES. FIGUEROA ALCORTA,2,0,3001
AV.PRES. FIGUEROA ALCORTA,13,0,7801
AV.PRES. FIGUEROA ALCORTA,14,0,6401
AV.PRES. ROQUE SAENZ PEÃA,1,0,1221
AV.PRES.MANUEL QUINTANA,2,0,701
AV.PRES.PEDRO MONTT,14,3502,3801
AV.PRESIDENTE JULIO A. ROCA,1,0,801
AV.RAUL SCALABRINI ORTIZ,14,1102,2501
AV.RAUL SCALABRINI ORTIZ,15,2,1101
AV.REGIMIENTO DE PATRICIOS,4,0,2001
AV.RIVERA INDARTE,7,0,2301
AV.RIVERA INDARTE,8,2702,3801
AV.RUIZ HUIDOBRO,12,0,4901
AV.SAENZ,4,0,1511
AV.SAN JUAN BAUTISTA DE LA SALLE,9,0,2501
AV.SAN MARTIN,0,0,6101
AV.SAN MARTIN,11,0,7501
AV.SAN MARTIN,15,0,3801
AV.SAN PEDRITO,7,2,701
AV.SANCHEZ DE LORIA,0,2002,2401
AV.SOLDADO DE LA FRONTERA,8,0,5601
AV.SUAREZ,4,1702,2701
AV.TOMAS A. EDISON,1,2,1401
AV.TOMAS A. EDISON,2,1402,3001
AV.TTE.GRAL.DONATO ALVAREZ,11,1802,2101
AV.TTE.GRAL.DONATO ALVAREZ,15,2102,2851
AV.VALENTIN ALSINA,0,0,1601
AV.VALENTIN ALSINA,13,0,1
AV.VALENTIN ALSINA,14,0,1
AVALLE,5,2202,2301
AVALOS,12,0,2201
AVALOS,15,0,1801
AVELINO DIAZ,7,0,2601
AVELLANEDA,6,0,1201
AVELLANEDA,10,4202,4601
AVIADOR ENRIQUE A. ROGER,4,1402,1501
AYACUCHO,2,0,2201
AYACUCHO,3,2,801
AYMARA,1,0,1101
AYOLAS,4,0,501
AYUI,10,0,7001
AZARA,4,0,1801
AZCUENAGA,2,0,2101
AZCUENAGA,3,2,801
AZOPARDO,1,302,1501
AZOPARDO,4,1502,1601
AZUCENA MAIZANI,1,302,401
AZUCENA VILLAFLOR,1,0,701
AZUL,9,502,1001
AZUL,10,2,501
AÃASCO,15,2202,3101
BACACAY,6,602,1701
BACACAY,7,1702,3201
BACACAY,10,3202,5701
BACON,11,0,5501
BAEZ,14,0,801
BAHIA,10,1702,1801
BAHIA BLANCA,10,0,2601
BAHIA BLANCA,11,0,5201
BAIGORRI,4,2,201
BAIGORRIA,0,3902,5301
BAIGORRIA,10,5302,5901
BAIGORRIA,11,0,3901
BAJADA AV. DE LOS OMBUES,14,0,1
BALBASTRO,7,0,3401
BALBASTRO,8,5050,6201
BALBOA,15,182,701
BALCARCE,1,2,1501
BALDOMERO FERNANDEZ MORENO,7,0,3401
BALDOMERO FERNANDEZ MORENO,9,3402,3901
BALLIVIAN,15,2102,3401
BALTASAR DE UNQUERA,10,1902,2001
BARADERO,9,502,601
BARADERO,10,2,501
BARAGAÃA,12,0,2401
BARCA CABO DE HORNOS,8,0,7001
BARCALA,3,3002,3101
BARCELONA,8,2802,2901
BARILOCHE,4,3002,3201
BARRAGAN,9,2,501
BARRAGAN,10,502,1201
BARRIENTOS,2,0,1601
BARTOLINA SISA,1,1702,1901
BARTOLOME HIDALGO,12,3002,3101
BARTOLOME MITRE,1,102,1801
BARTOLOME MITRE,3,0,3401
BARTOLOME MITRE,5,0,4501
BARZANA,12,1802,2201
BARZANA,15,1002,1801
BASAVILBASO,1,1202,1401
BASILIO CITTADINI,11,2302,2401
BASILIO HALL,12,4102,4201
BASILIO HALL,15,4002,4101
BASUALDO,8,0,3301
BASUALDO,9,0,2301
BASUALDO,10,0,701
BATALLA DEL PARI,15,0,1151
BATHURST,5,3302,3401
BAUNESS,12,0,3001
BAUNESS,15,102,1801
BAZURCO,11,3302,3701
BAZURCO,12,2202,3301
BEADE,6,548,601
BEATO FEDERICO OZANAM,8,5002,5401
BEAUCHEF,6,2,901
BEAUCHEF,7,0,2101
BEAZLEY,4,0,4001
BEETHOVEN,12,3402,3601
BEHRING,15,2502,2701
BELEN,10,0,801
BELFAST,10,2602,2701
BELFAST,11,2702,2801
BELGICA,11,2302,2401
BELGRADO,15,3002,3201
BELGRANO,5,3802,4301
BELL VILLE,7,1202,1301
BELLA VISTA,15,1102,1201
BENIMIANO SEMIZA,12,0,1
BENITO JUAREZ,10,1702,2701
BENITO JUAREZ,11,0,4701
BENITO QUINQUELA MARTIN,4,0,2301
BENJAMIN J. LAVAISSE,11,0,3901
BENJAMIN VILLAFAÃE,15,2102,2201
BERGANTIN CONGRESO NACIONAL,8,6052,6101
BERGANTIN ECHAGUE,8,0,6001
BERGANTIN GENERAL BALCARCE,8,5902,6101
BERGANTIN GENERAL BELGRANO,8,0,6101
BERGANTIN GOLETA ESPORA,8,6502,6901
BERGANTIN NANCY,8,0,5251
BERGANTIN VIGILANTE,8,6002,6101
BERLIN,15,3902,4501
BERMEJO,9,6802,7001
BERMUDEZ,10,0,2401
BERMUDEZ,11,0,3805
BERNA,15,2202,2501
BERNAL,6,602,701
BERNALDES,10,1102,2001
BERNARDO DE IRIGOYEN,1,0,1701
BERNARDO DE LEON,11,2302,2701
BERON DE ASTRADA,4,0,2101
BERON DE ASTRADA,8,0,7001
BERTHELOT,12,3302,3601
BERTRES,6,302,601
BERUTI,2,2302,3301
BERUTI,14,3302,4701
BESARES,12,0,4801
BESARES,13,1602,2401
BETHLEM,1,402,451
BEYROUTH,10,4902,5001
BIALET MASSE,7,502,701
BIARRITZ,11,2202,2801
BIARRITZ,15,1802,2201
BILLINGHURST,2,1002,2501
BILLINGHURST,5,2,1001
BILLINGHURST,14,2502,2601
BLANCO (NO OFICIAL),7,0,1
BLANCO ENCALADA,12,0,5801
BLANCO ENCALADA,13,0,3701
BLANDENGUES,4,1202,1301
BOEDO,5,2,301
BOGADO,5,4402,4601
BOGOTA,6,2,1801
BOGOTA,7,1802,3201
BOGOTA,10,0,4501
BOLAÃOS,10,0,351
BOLIVAR,1,0,1601
BOLIVAR,4,1602,1901
BOLIVIA,12,0,1
BOLLINI,2,2102,2301
BOLONIA,10,5302,5501
BOLÃVAR,7,0,1
BOMBAY,10,2202,2301
BONPLAND,14,1302,2501
BONPLAND,15,702,1301
BOQUERON,9,6702,7301
BOSTON,10,2602,2701
BOSTON,11,2702,2801
BOUCHARD,1,0,801
BOULEVARD OLIMPICO JOSE B. ZUBIAU,8,0,4601
BOULOGNE SUR MER,3,202,1001
BOYACA,7,0,1101
BOYACA,11,1102,2301
BRAGADO,9,0,7501
BRANDSEN,4,2,2811
BRASIL,1,0,1801
BRASIL,4,1802,3301
BRAVARD,6,0,1
BRAVARD,15,1102,1201
BRIG.GRAL.JUAN FACUNDO QUIROGA,0,0,1101
BRIG.GRAL.JUAN FACUNDO QUIROGA,2,0,1
BRUSELAS,10,502,1701
BUCARELLI,12,0,3601
BUCARELLI,15,902,1801
BUCAREST,15,1302,1501
BUDAPEST,15,1402,1501
BUERAS,9,102,401
BULGARIA,12,4202,4401
BULNES,5,2,1201
BULNES,14,0,2801
BURELA,12,0,3701
BURELA,15,1202,1801
BURGOS,6,902,951
BUTTELER,7,0,101
BYNON,9,6602,7001
BYRON,10,2,201
CAACUPE,1,0,2001
CAAGUAZU,9,5702,7701
CABALLITO,7,1402,1501
CABELLO,14,0,4001
CABO 1Âº JULIO BENÃTEZ,8,0,1
CABO 2Âº JORGE LÃPEZ,8,0,1
CABO BELGRANO,8,0,1
CABO PABLO T. FELS,1,202,401
CABOT,5,1602,1801
CABOTO,4,0,1431
CACHEUTA,10,902,1001
CACHI,4,0,1331
CACHIMAYO,6,2,601
CACHIMAYO,7,702,2001
CACIQUE,4,2502,2701
CADIZ,15,3702,4301
CAFAYATE,8,0,5401
CAFAYATE,9,602,2001
CAGLIARI,9,1402,1451
CAJARAVILLA,10,4102,5201
CALCENA,7,160,601
CALCHAQUIES,1,0,1
CALDAS,15,0,2001
CALDEN,10,802,1001
CALFUCURA,11,2702,2901
CALIFORNIA,4,0,3501
CALILEGUA,1,0,2901
CALINGASTA,11,1802,1901
CALLE 1,15,0,1
CALLE 10,15,0,1
CALLE 12 (NO OFICIAL),2,0,1
CALLE 13 (NO OFICIAL),2,0,1
CALLE 14,15,0,1
CALLE 14 (NO OFICIAL),2,0,1
CALLE 17,15,0,1
CALLE 18,15,0,1
CALLE 2,15,0,1
CALLE 22,15,0,1
CALLE 24,15,0,1
CALLE 26,15,0,1
CALLE 28,15,0,1
CALLE 30,15,0,1
CALLE 33,15,0,1
CALLE 34,15,0,1
CALLE 38,15,0,1
CALLE 42,15,0,1
CALLE 46,15,0,1
CALLE 49,15,0,1
CALLE 50,15,0,1
CALLE 52,15,0,1
CALLE 53,15,0,1
CALLE 54,15,0,1
CALLE 57,15,0,1
CALLE 59,15,0,1
CALLE 6,15,0,1
CALLE 61,15,0,1
CALLE 73,15,0,1
CALLE 85,15,0,1
CALLE 87,15,0,1
CALLE 9 - ALBERTO CHEJOLAN,1,1102,2201
CALLE 93,15,0,1
CALLE KEVIN,4,0,1
CALLE MANZANAS 52A-52B (NO OFICIAL),4,0,1
CALLE MZAS 21-22 (NO OFICIAL),7,0,1
CALLE PRINCIPAL 26,15,0,1
CALZADA CIRCULAR PLAZA DE LOS CONGRESOS,1,0,1
CALZADA CIRCULAR PLAZA ITALIA,14,0,1
CAMACUA,7,2,1001
CAMARGO,15,2,1301
CAMARONES,10,3802,5901
CAMARONES,11,1402,3801
CAMILA O'GORMAN,1,302,501
CAMINITO,4,0,1
CAMOATI,10,5502,5601
CAMPANA,0,4002,5701
CAMPANA,10,2,901
CAMPANA,11,0,4001
CAMPICHUELO,6,0,701
CAMPILLO,15,2402,3201
CAMPOS SALLES,13,1402,2401
CANADA,10,4802,5001
CANDELA SOL RODRÃGUEZ,8,3902,4051
CANDELARIA,10,2,301
CANDIDO LOPEZ,8,5902,6001
CANGALLO,6,0,201
CANGAYE,10,802,1201
CANTILO,2,1702,1801
CAP.GRAL. RAMON FREIRE,12,0,4901
CAP.GRAL. RAMON FREIRE,13,0,2501
CAPDEVILA,12,2702,3601
CAPERUCITA,7,1102,1201
CAPITAN DE FRAGATA PEDRO E. GIACCHINO,7,0,1
CAPITAN SAMUEL SPIRO,9,5602,6001
CARABELAS,1,202,351
CARACAS,7,2,1201
CARACAS,11,1202,2801
CARACAS,12,4102,5601
CARACAS,15,3502,4101
CARAGUATA,1,2202,2401
CARANDAY,10,702,1001
CARAPACHAY,10,1302,1601
CARBAJAL,13,3202,3301
CARBAJAL,15,3502,4301
CARDOSO,10,2,401
CARHUE,8,0,3501
CARHUE,9,0,3201
CARICANCHA,7,1102,1301
CARLOS A. BUSTOS,8,6102,6201
CARLOS AMBROSIO COLOMBO,3,0,1
CARLOS ANTONIO LOPEZ,11,0,4401
CARLOS ANTONIO LOPEZ,12,2102,3301
CARLOS BERG,7,0,1
CARLOS BERG,8,0,3751
CARLOS CALVO,0,3302,3311
CARLOS CALVO,1,0,1801
CARLOS CALVO,3,1802,3301
CARLOS CALVO,5,3312,3801
CARLOS CARRANZA,10,4802,5001
CARLOS CHAGAS,10,2602,2701
CARLOS CHAGAS,11,2702,2801
CARLOS E. DIAZ SAENZ VALIENTE,8,4402,4601
CARLOS E. PELLEGRINI,12,5602,6101
CARLOS E. ZUBERBUHLER,13,1702,1831
CARLOS ENCINA,9,502,801
CARLOS F. MELO,4,0,901
CARLOS GARDEL,3,3102,3201
CARLOS GUIDO Y SPANO,6,1102,1201
CARLOS H. PERETTE,1,0,1201
CARLOS J.BENIELLI,9,7052,7101
CARLOS LOPEZ BUCHARDO,12,5602,5701
CARLOS M. DELLA PAOLERA,1,202,301
CARLOS M. RAMIREZ,4,802,2101
CARLOS M. RAMIREZ,8,2102,2701
CARLOS MOLINA ARROTEA,12,2802,2901
CARLOS MOREL,9,4102,4201
CARLOS ORTIZ,7,0,1301
CARLOS PELLEGRINI,1,0,1601
CARLOS SANTIAGO NINO,9,502,601
CARLOS SPEGAZZINI,5,402,601
CARLOS VEGA BELGRANO,9,1102,1201
CARMEN BALANDRA,8,6002,6101
CAROLA LORENZINI,1,302,401
CAROLINA MUZILLI,9,5402,6001
CAROYA,9,2102,2301
CASACUBERTA,4,3102,3201
CASAFOUST,15,502,801
CASCO,9,102,401
CASTAÃEDA,13,1802,2101
CASTAÃON,7,702,1501
CASTAÃON,8,0,3701
CASTELLI,3,2,401
CASTEX,14,3102,3701
CASTILLO,15,2,1801
CASTRO,5,502,2301
CASTRO BARROS,5,502,2301
CATAMARCA,3,2,1601
CATAMARCA,4,1602,2301
CATANIA,9,5602,5701
CATANIA,10,5402,5601
CATRIEL,12,3502,3601
CATULO CASTILLO,4,2302,3301
CAVIA,14,2902,3401
CAYASTA,4,3202,3401
CAYETANO A. SILVA,9,1202,1301
CAZADORES,13,1802,2501
CAÃA,1,2302,2601
CAÃADA DE GOMEZ,8,3202,5701
CAÃADA DE GOMEZ,9,0,2801
CAÃONERA AMERICA,8,4852,4951
CAÃUELAS,15,202,301
CDRO. CLODOMIRO URTUBEY,13,2302,2401
CECILIA GRIERSON,1,0,451
CENTENARIO,6,102,201
CERETTI,12,0,3601
CERETTI,15,1502,1801
CERRILLOS,13,1902,2001
CERRITO,1,0,1601
CERRO DE LOS 7 COLORES,1,2602,2901
CERVANTES,10,2,2401
CERVANTES,11,0,3901
CESAR H. BACLE,10,3802,3901
CESPEDES,13,2402,3501
CESPEDES,14,2102,2401
CESPEDES,15,3502,4101
CHABUCA GRANDE,1,0,1801
CHACABUCO,1,0,1601
CHACO,6,2,251
CHAJARI,12,4302,4701
CHAMICAL,9,5002,5151
CHARCAS,2,0,3301
CHARCAS,14,0,5301
CHARLONE,15,2,2201
CHARRUA,4,2702,3741
CHARRUA,7,0,2401
CHASCOMUS,9,0,6101
CHAÃAR,1,2602,2801
CHECOSLOVAQUIA,10,4302,4501
CHICOANA,9,2002,2101
CHILCA,1,2652,2701
CHILE,1,402,1801
CHILE,3,1802,3001
CHILECITO,10,3702,3801
CHIMBORAZO,11,2102,2301
CHINA,15,4002,4101
CHIRIGUANOS,10,4502,4601
CHIRIMAY,6,2,201
CHIVILCOY,10,0,2501
CHIVILCOY,11,2502,3001
CHONINO,14,3502,3801
CHORROARIN,11,0,1
CHORROARIN,15,0,201
CHUBUT,4,1102,1401
CHUMBICHA,11,3202,3301
CHURQUI,1,2216,2301
CIERVO DE LAS PAMPAS,1,2202,2451
CINA CINA,1,2302,2351
CIPOLETTI,7,502,601
CISNE,12,4002,4101
CIUDAD DE LA PAZ,12,0,3901
CIUDAD DE LA PAZ,13,402,3601
CIUDAD DE LA PAZ,14,2,401
CIUDAD DE SABADELL,4,302,401
CIUDAD UNIVERSITARIA,13,0,1
CIUDADELA,1,1102,1301
CLAUDIA FALCONE,8,4352,4401
CLAY,14,0,3101
CLEMENTE DIEZ DE MEDINA,7,1302,1501
CMTE. CELEDONIO ESCALADA,8,0,5501
CMTE. FRANCISCO CARBONARI,4,0,2001
CNEL. ANTONIO SUSINI,15,0,2401
CNEL. CABRER,14,4902,5001
CNEL. CARLOS SOURIGUES,13,2502,2701
CNEL. JOSE O. GORDILLO,10,0,2201
CNEL. NICETO VEGA,14,4602,5411
CNEL. ROHDE,11,3502,3551
CNEL. SALVADORES,4,0,1701
CNEL.BENITO MEANA,4,1102,1201
CNEL.JUAN A.DE BALDRICH,6,0,1
CNEL.MANUEL JOSE OLASCOAGA,8,5002,5051
CNEL.PAGOLA,4,3602,4301
CNEL.PEDRO A. GARCIA,8,5602,5901
CNEL.RICO,4,702,801
COCHABAMBA,1,0,1801
COCHABAMBA,3,0,3301
COCHABAMBA,5,3302,4401
COCHICO,10,702,901
COCHRANE,11,3302,3501
COCHRANE,12,0,3301
COLECTORA AUTOPISTA ARTURO ILLIA,2,0,1
COLIBRI,1,2,2451
COLIGUE,10,2902,3001
COLIQUEO,10,2002,2201
COLIQUEO,11,2202,2301
COLOMBRES,5,2,1801
COLONIA,4,0,1
COLPAYO,6,2,901
COLUMBIA,10,4902,5001
COMBATE DE COSTA BRAVA,1,2,101
COMBATE DE LOS POZOS,3,0,1601
COMBATE DE LOS POZOS,4,1602,2201
COMBATE DE SAN CARLOS,8,5302,5581
COMISARIO JOAQUIN V. PEREZ,8,3402,3501
COMODORO CEFERINO RAMIREZ,8,5402,5701
COMODORO MARTIN RIVADAVIA,13,0,2401
COMODORO PEDRO ZANNI,1,202,401
CONCEPCION ARENAL,13,2802,3401
CONCEPCION ARENAL,14,2302,2801
CONCEPCION ARENAL,15,0,4901
CONCEPCION LEYES DE CHAVES,8,4352,4401
CONCORDIA,10,2,901
CONCORDIA,11,0,6751
CONDARCO,7,2,1101
CONDARCO,11,0,3321
CONDARCO,12,0,6101
CONDARCO,15,3502,4101
CONDE,12,2502,4901
CONDE,13,0,2501
CONDOR,4,1402,2101
CONDOR,8,2102,3001
CONESA,12,0,5001
CONESA,13,2,3601
CONGRESO,13,0,2401
CONSCRIPTO BERNARDI,10,602,701
CONSTANCIO C VIGIL,9,502,601
CONSTANTINO GAITO,12,6002,6101
CONSTANTINOPLA,15,3002,3401
CONSTITUCION,1,1002,1801
CONSTITUCION,3,1802,3301
CONSTITUCION,5,0,4401
CONVENCION,14,1902,2001
COOPERACION,4,2502,2601
COPAHUE,4,2002,2101
COPENHAGUE,15,1502,1601
COPERNICO,2,2302,2401
COPIHUE,1,2802,2851
CORBETA AGREABLE,8,5002,5169
CORBETA BELFAST,8,0,5351
CORBETA URUGUAY,1,0,1
CORDOBA,15,6302,6601
CORINA KAVANAGH,1,0,1
COROICO,1,2002,2101
CORONDA,6,102,201
CORONEL D. APOLINARIO FIGUEROA,6,702,1501
CORONEL D. APOLINARIO FIGUEROA,11,1702,2101
CORONEL D. APOLINARIO FIGUEROA,15,0,701
CORONEL DE MARINA TOMAS ESPORA,4,0,901
CORONEL LUIS JORGE FONTANA,11,4402,4501
CORONEL MARTINIANO CHILAVERT,4,1002,1901
CORONEL MARTINIANO CHILAVERT,7,1902,2001
CORONEL MARTINIANO CHILAVERT,8,0,7001
CORONEL NICOLAS GRANADA,9,702,1001
CORONEL RAMON L. FALCON,6,1302,1701
CORONEL RAMON L. FALCON,7,1702,3201
CORONEL RAMON L. FALCON,9,0,7301
CORONEL RAMON L. FALCON,10,3202,5401
CORONEL RAMON LISTA,10,5302,5951
CORONEL RAMON LISTA,11,5002,5301
CORRALES,4,802,2021
CORRALES,8,2202,7001
CORRALES VIEJOS,4,2,101
CORREA,12,0,4901
CORREA,13,1602,2401
CORREGIDORES,13,0,1601
CORTINA,10,2,2801
CORVALAN,8,2402,4401
CORVALAN,9,0,2401
CORVALAN,10,0,721
COSQUIN,8,0,5701
COSQUIN,9,0,3001
COSTA RICA,14,3902,6101
COTAGAITA,4,1802,1901
COTOCOLLAO,9,1302,1401
CRAIG,6,602,801
CRAIG,7,802,1001
CRAINQUEVILLE,11,2102,2301
CRAMER,0,2,401
CRAMER,12,0,4901
CRAMER,13,0,3601
CRANWELL,7,502,901
CRESPO,4,2702,3601
CRESPO,7,2002,2101
CRESPO (NO OFICIAL),7,0,1
CRISOLOGO LARRALDE,13,0,2011
CRISOSTOMO ALVAREZ,7,2602,3451
CRISOSTOMO ALVAREZ,8,4502,6801
CRISOSTOMO ALVAREZ,9,0,4501
CRISTANIA,4,0,1
CRISTOBAL M. HICKEN,8,0,3201
CROVARA,4,0,1
CRUCERO GRAL. BELGRANO,1,1202,1301
CRUZ DEL EJE,15,2102,2201
CRUZ DEL SUD,4,2902,3001
CTTE. MARTIN GUERRICO,8,5402,5801
CUBA,13,0,4901
CUCHA CUCHA,6,602,1451
CUCHA CUCHA,15,0,2933
CUENCA,0,0,901
CUENCA,11,0,3701
CUENCA,12,4102,5801
CUENCA,15,3702,4101
CULLEN,12,4802,5901
CULPINA,7,0,1501
CULPINA,8,3202,3801
CURA BROCHERO,8,5552,5601
CURAPALIGUE,0,2,501
CURAPALIGUE,7,502,2001
CURITYBA,9,5102,5201
CURUPAYTI,12,0,3259
CURUZU CUATIA,10,2402,2601
CUYO,9,2202,2301
CUZCO,9,0,401
CUZCO,10,0,801
Colectora INT. CANTILO,13,0,1
D'ARIENZO JUAN,12,0,1
D. ROMERO,13,1802,1901
DAGUERRE,9,4802,4901
DAMASO LARRAÃAGA,9,502,1001
DANEL,3,1402,1601
DANIEL BONIFACIO CHANAMPA,8,6102,6201
DANTE,10,2,301
DARDO ROCHA,14,2902,3001
DARREGUEYRA,14,0,2501
DARWIN,14,1302,1701
DARWIN,15,0,1301
DAVILA,7,602,1201
DE LA CARCOVA,2,3502,3601
DE LA ECONOMIA,10,6002,6201
DE LA INDUSTRIA,7,902,1101
DE LA MISERICORDIA,9,5502,5601
DE LA PIEDAD,1,0,1
DE LA TECNICA,12,5302,5601
DE LAS ARTES,7,902,1301
DE LAS CIENCIAS,7,902,1201
DE LAS GARANTIAS,7,902,1301
DE LOS NIÃOS,8,0,1
DEAN FUNES,3,302,1601
DEAN FUNES,4,1602,2201
DEFENSA,0,1602,1853
DEFENSA,1,102,1601
DEHEZA,12,0,5001
DEHEZA,13,1602,2401
DEKAY,4,4002,4301
DEL ANGEL GRIS (NO OFICIAL),7,0,1
DEL BARCO CENTENERA,0,0,2201
DEL BARCO CENTENERA,4,0,3601
DEL BARCO CENTENERA,6,2,801
DEL BARCO CENTENERA,7,0,2001
DEL BAÃADO,4,0,2601
DEL BUEN ORDEN,7,902,1301
DEL CAMPO AV.,15,1002,1275
DEL CARMEN,1,702,801
DEL COLEGIO,8,6302,6401
DEL COMERCIO,7,902,1301
DEL PALO SANTO,8,4202,4301
DEL PARQUE,15,1202,1301
DEL PROGRESO,7,902,1301
DEL SIGNO,14,4002,4101
DEL TEMPLE,15,2502,2801
DEL TIGRE,4,0,4201
DELAMBRE,10,4402,4801
DELFIN GALLO,8,5702,5901
DELFO CABRERA,8,4402,4601
DELGADO,13,302,1601
DELIA DEGLIOUMINI,1,802,1301
DELPINI JOSE ING.,8,5152,5401
DEMARIA,14,4402,4801
DESAGUADERO,10,2202,2701
DESAGUADERO,11,0,4451
DESEADO,11,5202,5301
DIAGONAL 101,15,0,1
DIAGONAL 103,15,0,1
DIAGONAL 107,15,0,1
DIAGONAL 113,15,0,1
DIAGONAL 115,15,0,1
DIAGONAL 119,15,0,1
DIAGONAL 121,15,0,1
DIAGONAL 123,15,0,1
DIAGONAL 99,15,0,1
DIAGONAL105,15,0,1
DIAGONAL109,15,0,1
DIAGONAL111,15,0,1
DIAGONAL115,15,0,1
DIAGONAL117,15,0,1
DIAGONAL119,15,0,1
DIAGUITAS,1,680,901
DIAMANTE,11,2702,2801
DIAZ COLODRERO,12,0,3601
DICIEMBRE 1986,8,0,1
DIEGO DE OLAVARRIETA,9,1402,1701
DIEGO DE ROJAS,11,2302,2701
DIEGO FERNANDEZ ESPIRO,11,2302,2501
DINAMARCA,6,1102,1201
DIOGENES TABORDA,4,0,1701
DIP.NAC.OSVALDO E. BENEDETTI,10,0,301
DOBLAS,6,2,901
DOBLAS,7,902,2101
DOLORES,9,502,801
DOLORES,10,2,501
DOMINGO DE AZCUENAGA,4,2952,3001
DON ANSELMO AIETA,1,1052,1101
DON BOSCO,5,3402,4201
DON CRISTOBAL,10,4002,4101
DON SEGUNDO SOMBRA,7,1602,1901
DONADO,12,0,5001
DONADO,15,802,1801
DONIZETTI,10,2,601
DORA ACOSTA,1,2002,2301
DORREGO,0,0,2101
DORREGO,14,2102,2531
DR. ADOLFO DICKMAN,15,902,1501
DR. BENJAMIN CANARD,15,1102,1201
DR. CARLOS GIANANTONIO,5,0,4001
DR. DESIDERIO FERNANDO DAVEL,6,502,601
DR. DOMINGO CABRED,4,4302,4901
DR. ELEODORO LOBOS,6,182,801
DR. GUILLERMO CORREA,9,0,4751
DR. HORACIO CASCO,8,4502,5301
DR. HORACIO CASCO,9,4202,4501
DR. JOSE I.DE LA ROSA,8,5702,7501
DR. JOSE M. GIUFFRA,1,202,401
DR. JUAN ANGEL GOLFARINI,13,2302,2401
DR. LUIS AGOTE,2,2202,2601
DR. RAMON CARRILLO,4,2,701
DR. RENÃ FAVALORO,4,3002,3301
DR. RICARDO FINOCHIETTO,6,0,1
DR. RICARDO LEVENE,2,902,1001
DR. ROBERTO LEVILLIER,14,0,1
DR. TOMAS MANUEL DE ANCHORENA,2,0,1901
DR. TOMAS MANUEL DE ANCHORENA,3,2,901
DR.ALEJANDRO KORN,10,4102,4501
DR.ALEJANDRO POSADAS,11,2702,2801
DR.ANGEL E. ROFFO,9,7002,7101
DR.ANTONIO BERMEJO,8,6302,6901
DR.BERNARDO VELEZ,13,1702,1801
DR.CARLOS VAZ FERREIRA,2,1501,1600
DR.DAVID PEÃA,10,4102,4401
DR.DEL VALLE IBERLUCEA,4,602,1301
DR.EDUARDO BRAUN MENENDEZ,4,2,501
DR.EDUARDO JENNER,3,1802,2001
DR.EDUARDO PITTALUGA,4,4302,4401
DR.ELEODORO DAMIANOVICH,4,3302,3401
DR.EMILIO R. CONI,4,3202,3301
DR.EMILIO RAVIGNANI,14,1302,2601
DR.EMILIO RAVIGNANI,15,1102,1301
DR.ENRIQUE FINOCHIETTO,0,1002,1101
DR.ENRIQUE FINOCHIETTO,4,0,2201
DR.FLORENTINO AMEGHINO,8,2102,2201
DR.FLORENTINO AMEGHINO,9,0,2101
DR.GERARDO ARMAUER HANSEN,13,1702,1801
DR.GREGORIO ARAOZ ALFARO,6,202,501
DR.HONORIO LEGUIZAMON,12,3702,3801
DR.JOAQUIN ZABALA,15,2502,2801
DR.JUAN F. ARANGUREN,6,0,1801
DR.JUAN F. ARANGUREN,7,1802,3201
DR.JUAN F. ARANGUREN,10,0,5101
DR.JUAN MADERA,4,0,1701
DR.LUIS BELAUSTEGUI,6,1002,1601
DR.LUIS BELAUSTEGUI,10,3702,5001
DR.LUIS BELAUSTEGUI,11,0,3701
DR.LUIS BELAUSTEGUI,15,0,1001
DR.MARCELO J. FITTE,13,1702,1801
DR.NICOLAS REPETTO,6,0,1401
DR.NICOLAS REPETTO,15,1402,2201
DR.NORBERTO QUIRNO COSTA,2,1202,1301
DR.OSVALDO EGUIA,8,3202,3301
DR.PEDRO BALIÃA,4,3902,4101
DR.PEDRO I. RIVERA,12,0,5901
DR.PEDRO I. RIVERA,13,2402,3101
DR.PEDRO LOPEZ ANAUT,5,4002,4101
DR.PROF. PEDRO CHUTRO,4,2402,3501
DR.RAFAEL BIELSA,15,102,301
DR.RICARDO ROJAS,1,0,501
DR.RODOLFO RIVAROLA,1,102,201
DR.TEODORO AUBAIN,13,1802,1861
DR.VICTORINO DE LA PLAZA,13,0,1901
DRAGONES,13,1802,2501
DRUMOND,4,2102,2401
DUBLIN,15,4202,4301
DUPUY,10,2,1201
Dr. ÃNGEL ROBBIANI,9,402,701
DÃRSENA FIGUEROA ALCORTA,13,0,1
ECHAURI,4,1502,1801
ECHEANDIA,7,2602,3101
ECHEANDIA,8,4602,7001
ECHEANDIA,9,0,4601
ECHENAGUCIA,10,2,1301
ECHEVERRIA,12,3802,5901
ECHEVERRIA,13,0,3801
ECUADOR,2,1002,1701
ECUADOR,3,0,1001
EDMUNDO D'AMICIS,10,4702,4801
EDUARDO ACEVEDO,6,0,701
EDUARDO AROLAS,4,2102,2201
EDUARDO COLOMBO LEONI,4,1402,1501
EDUARDO COSTA,14,3002,3101
EDUARDO GUTIERREZ,10,5602,5701
EDUARDO J. COTOURE,2,2051,2300
EDUARDO SCHIAFFINO,2,2102,2201
EDUARDO SIVORI,14,2902,3001
EL ALFABETO,15,1802,1901
EL ARAUCANO,10,1302,1401
EL ARTESANO,7,1102,1301
EL CARDENAL,9,6802,7001
EL CARPINTERO,9,6802,7001
EL CEIBO,4,2302,2401
EL CERRO,9,3402,3501
EL CHACHO,9,302,701
EL CHASQUE,10,6502,6601
EL CRIOLLO,10,1302,1401
EL DELTA,11,3102,3201
EL DOMADOR,11,3102,3201
EL ELECTRICISTA NICASIO F. BUSTAMANTE,8,6102,6201
EL FERROVIARIO ANTONIO R. VEGA,8,3102,3301
EL FOGON,12,4302,4501
EL FUERTE,10,4602,4701
EL GAUCHO,12,5802,6201
EL HORNERO,9,102,701
EL LITORAL,11,3102,3201
EL MAESTRO,6,2,201
EL METODO,11,1802,2001
EL MIRASOL,9,102,701
EL MISIONERO,11,2302,2401
EL NENE,10,1802,2101
EL PAMPERO,11,2602,2701
EL PEREGRINO,11,3102,3201
EL PROFETA DE LA PAMPA,9,0,4701
EL QUIJOTE,11,2502,2701
EL RANCHO,10,5902,6001
EL RASTREADOR,9,302,701
EL RECADO,10,5902,6001
EL REFRAN,4,3202,3301
EL SALVADOR,14,3802,6101
EL SAUCE,10,1302,1401
EL SENDERO,8,0,1
EL SERENO,10,302,401
EL TALA,9,1402,1601
EL TREBOL,9,6802,7001
EL TROVADOR,11,3002,3201
EL ZONDA,7,1602,1701
EL ZORZAL,9,6802,7001
EL ÃANDU,11,3102,3201
ELCANO,13,0,2801
ELCANO,15,0,5101
ELENA LARROQUE DE ROFFO,10,4702,4801
ELIA,4,402,801
ELIAS BEDOYA,9,2,201
ELPIDIO GONZALEZ,10,3902,6091
ELPIDIO GONZALEZ,11,2702,3901
ELSA O'CONNOR,12,0,1
EMERIC E. VIDAL,10,1502,1601
EMILIO AUBRÃN,8,0,4701
EMILIO BECHER,9,2302,2401
EMILIO CASTELAR,10,702,901
EMILIO CASTRO,10,0,5101
EMILIO CIVIT,12,5302,5701
EMILIO DE ALVEAR,10,4802,4901
EMILIO LAMARCA,10,2,801
EMILIO LAMARCA,11,0,5501
EMILIO MITRE,6,0,601
EMILIO MITRE,7,0,2001
EMILIO PETORUTTI (NO OFICIAL),2,0,1
EMILIO ZOLA,14,5102,5201
EMIR MERCADER,12,4202,4601
EMMA DE LA BARRA,1,302,501
EMPEDRADO,11,0,2701
ENCARNACION EZCURRA,1,0,601
ENRIQUE B. MORENO,9,402,501
ENRIQUE BANCHS,12,3602,3801
ENRIQUE DE VEDIA,11,1802,2301
ENRIQUE GUSTAVINO,4,302,601
ENRIQUE MUIÃO,12,0,1
ENRIQUE OCHOA,4,0,1131
ENRIQUE PRINS,13,1402,1501
ENRIQUE SANTOS DISCEPOLO,3,1802,1901
ENRIQUE SERRANO,12,0,1
ENSENADA,10,2,501
ENZO BORDABEHERE,11,2302,3001
EPECUEN,11,4702,5201
EPUYEN,6,502,601
ERASMO,9,7302,7501
ERCILLA,9,0,7701
ERCILLA,10,5102,5601
EREZCANO,4,2702,3601
EREZCANO,7,0,1
ERNESTO A. BAVIO,13,0,3201
ESCOBAR,12,2302,3271
ESCRIBANO,6,2,201
ESMERALDA,1,2,1401
ESNAOLA,6,602,701
ESPADAÃA,1,1952,2051
ESPARTACO,7,502,1001
ESPARZA,3,2,101
ESPERANZA,8,0,1
ESPINILLO,9,1402,1501
ESPINOSA,6,0,1671
ESPINOSA,15,0,3201
ESPRONCEDA,10,2502,2801
ESQUEL,4,1902,2001
ESQUINA,10,2402,2701
ESQUIU,4,902,1401
ESTADO DE PALESTINA,5,502,1101
ESTADO DE PALESTINA,14,1142,1201
ESTADO DE PALESTINA,15,1102,1141
ESTADO PLURINACIONAL DE BOLIVIA,7,2,1101
ESTADO PLURINACIONAL DE BOLIVIA,11,0,3301
ESTADO PLURINACIONAL DE BOLIVIA,12,4102,6101
ESTADO PLURINACIONAL DE BOLIVIA,15,3302,4101
ESTADOS UNIDOS,1,0,1801
ESTADOS UNIDOS,3,1802,3301
ESTADOS UNIDOS,5,0,4401
ESTANISLAO S. ZEBALLOS,12,4702,5701
ESTEBAN DE LUCA,3,1302,1601
ESTEBAN DE LUCA,4,1602,2301
ESTERO BELLACO,9,6902,7301
ESTEVES SAGUI,9,2,157
ESTIVAO,6,0,201
ESTOCOLMO,15,3202,3401
ESTOMBA,12,0,4401
ESTOMBA,15,0,1801
ESTONIA,9,2102,2201
ESTRADA,7,2,1101
ESTRELLA FEDERAL,12,2602,2801
EUCLIDES,10,4802,5001
EUGENIO RAMIREZ,15,3202,3301
EUSTAQUIO CAMBIESES,7,0,2001
EVARISTO CARRIEGO,7,902,1201
EVITA,1,452,2301
EZEIZA,12,0,3061
EZEQUIEL SORIA,8,2802,2901
FABRE,7,1002,1301
FACUNDO,9,302,701
FALUCHO,4,102,501
FALUCHO SAN LUIS,8,4952,5051
FAMAILLA,12,2702,2901
FAMATINA,4,2902,4101
FARADAY,7,1302,1601
FECUNDIDAD,9,3602,3701
FEDERICO GARCIA LORCA,6,2,501
FEDERICO LACROZE,13,0,2901
FEDERICO LACROZE,14,1602,1901
FELICITAS GUERRERO,4,0,1
FELIPE VALLESE,6,0,1701
FELIPE VALLESE,7,1702,3201
FELIPE VALLESE,10,3202,4101
FELIX LORA,6,2,101
FELIX O. FOULLIER,12,5802,5901
FELIZ LYNCH ARRIBALZAGA,10,4402,4501
FERNANDEZ,9,0,2101
FERNANDEZ,10,102,401
FERNANDEZ BLANCO,12,2002,2401
FERNANDEZ DE ENCISO,11,0,4701
FERNANDO DE MONTALVO,15,102,201
FERNANDO FADER,10,6002,6301
FERRARI,15,0,501
FERRE,4,0,2101
FERRE,8,0,7001
FERROCARRIL,10,6302,6401
FILIBERTO,1,1702,1801
FINLANDIA,9,1302,1401
FITZ ROY,14,1302,2501
FITZ ROY,15,0,1301
FLOR DE IRUPE,1,2152,2301
FLOR DE OTOÃO,1,2,1101
FLOR DEL AIRE,12,0,5001
FLORENCIO BALCARCE,6,2,101
FLORENCIO PARRAVICINI,12,0,1
FLORENTINA GOMEZ MIRANDA,8,4352,4401
FLORESTA,10,402,501
FLORIDA,1,0,1101
FONROUGE,8,0,4501
FONROUGE,9,0,2701
FORMOSA,6,0,801
FORTUNATO DEVOTO,5,402,601
FOURNIER,4,2102,3201
FRAGA,15,0,1901
FRAGATA 25 DE MAYO,8,0,6101
FRAGATA CEFIRO,9,1702,2001
FRAGATA HALCON,9,0,1901
FRAGATA HERCULES,9,1502,1661
FRAGATA LA ARGENTINA,9,1402,1901
FRAGATA Pres. SARMIENTO,6,0,1801
FRAGATA Pres. SARMIENTO,11,1802,1901
FRAGATA Pres. SARMIENTO,15,1902,2501
FRAGATA TRINIDAD,9,1502,2101
FRAGUEIRO,9,0,401
FRAGUEIRO,10,0,901
FRANCISCO A. MACIEL,6,802,1001
FRANCISCO ACUÃA DE FIGUEROA,5,102,1201
FRANCISCO ACUÃA DE FIGUEROA,14,1202,1801
FRANCISCO BAUZA,10,2202,2901
FRANCISCO BILBAO,7,0,2601
FRANCISCO BILBAO,9,0,6101
FRANCISCO CAFFERATA,4,1002,1101
FRANCISCO CAMET,8,0,4601
FRANCISCO CUNEO,10,2402,2801
FRANCISCO DE UZAL,15,2502,2601
FRANCISCO DE VIEDMA,9,6502,7001
FRANCISCO DE VITTORIA,2,2302,2401
FRANCISCO J. ORTIZ,9,6902,7001
FRANCISCO LOPEZ MERINO,12,4102,4201
FRANCISCO LOPEZ MERINO,15,3802,4101
FRANCISCO MADERNA,4,0,3001
FRANCISCO PIZARRO,8,2602,3001
FRANCISCO ROMERO,2,2501,2600
FRANCISCO TORRES PAREDES,8,4102,4201
FRANCO,11,3302,3751
FRANCO,12,2202,3301
FRANK BROWN,7,0,1801
FRANKLIN,6,0,1501
FRANKLIN,7,1702,2451
FRANKLIN D. ROOSEVELT,0,3102,3151
FRANKLIN D. ROOSEVELT,12,0,4901
FRANKLIN D. ROOSEVELT,13,0,3101
FRATERNIDAD,7,1202,1301
FRAY CAYETANO RODRIGUEZ,7,2,1201
FRAY JUSTO SANTAMARIA DE ORO,14,0,3101
FRAY LUIS BELTRAN,7,2,401
FRENCH,2,2102,3201
FRENCH,14,0,3701
FRIDA KAHLO,8,4602,5151
FUTALEUFU,1,2302,2901
GABINO EZEIZA,11,2702,2801
GABRIEL LAFOND,12,4102,4201
GABRIEL LAFOND,15,4002,4101
GABRIELA MISTRAL,11,0,4701
GABRIELA MISTRAL,12,2102,3301
GALENO,10,5302,5401
GALICIA,6,852,1701
GALICIA,10,3702,3801
GALICIA,11,1702,3701
GALICIA,15,0,851
GALILEO,2,0,2501
GALLARDO,9,0,401
GALLARDO,10,402,1401
GALLEGOS,5,3402,3601
GALLO,0,2,1001
GALLO,2,1002,1701
GALVAN,12,2702,4301
GAMARRA,12,1802,1901
GAMARRA,15,1102,1801
GANA,9,102,451
GANA,10,0,1001
GANDARA,15,2202,3401
GARCIA DE COSSIO,9,5602,7701
GARCIA DE COSSIO,10,5502,5601
GARCIA DEL RIO,12,0,4901
GARIBALDI,4,0,2201
GARRO,4,3002,3201
GASCON,5,2,1101
GASCON,14,0,1801
GASPAR CAMPOS,6,402,501
GASPAR M.DE JOVELLANOS,4,2,1801
GASTON RIVA,7,2102,2201
GAVILAN,0,2302,2701
GAVILAN,7,2,1201
GAVILAN,11,1202,2711
GAVILAN,12,4102,4901
GAVILAN,15,3502,4101
GAZETA de BUENOS AYRES,11,3102,3201
GELLY,14,3302,3701
GENA,4,502,601
GENERAL EUGENIO GARZON,7,3302,3401
GENERAL EUGENIO GARZON,9,0,7501
GENERAL FRUCTUOSO RIVERA,4,0,2201
GENERAL FRUCTUOSO RIVERA,8,2202,7001
GENERAL LAS HERAS,2,1602,1801
GENERAL LORENZO VINTTER,6,802,951
GENERAL LUCIO NORBERTO MANSILLA,2,0,3401
GENERAL LUCIO NORBERTO MANSILLA,14,3402,4101
GENERAL MANUEL A. RODRIGUEZ,6,1102,1301
GENERAL MANUEL A. RODRIGUEZ,15,0,2901
GENOVA,11,3202,3401
GERMAN ABDALA,4,102,201
GERONIMO CORTES,9,702,801
GIACOMO MATTEOTI,8,3352,3451
GIBRALTAR,10,5302,5501
GIBSON,5,3902,4301
GILARDO GILARDI,1,0,1301
GINEBRA,15,3802,4101
GIORDANO BRUNO,6,702,901
GIRARDOT,15,0,2001
GIRIBONE,15,0,3401
GODOY CRUZ,14,1402,3301
GODOY CRUZ,15,1202,1401
GOLETA FORTUNA,8,0,6101
GOLETA INVENCIBLE,8,0,5951
GOLETA JULIA,8,6702,6901
GOLETA JULIET,8,0,6101
GOLETA MALDONADO,8,5902,6101
GOLETA MANUELITA,8,4002,4201
GOLETA SANTA CRUZ,8,6502,7001
GOLETA SARANDI,8,5902,6101
GOMEZ DE FONSECA,10,102,701
GONCALVES DIAS,4,0,1201
GONZALEZ CATAN,11,4502,4801
GOROSTIAGA,13,2402,2501
GOROSTIAGA,14,1502,2401
GORRITI,2,3392,3601
GORRITI,14,3602,6101
GOYA,10,0,1151
GRAL. CESAR DIAZ,10,0,5601
GRAL. CESAR DIAZ,11,1402,3801
GRAL. CONRADO VILLEGAS,8,5402,5601
GRAL. DANIEL CERRI,4,0,1701
GRAL. ENRIQUE SPIKA,4,1502,1701
GRAL. FLORES VENANCIO,6,2,601
GRAL. FLORES VENANCIO,7,2902,3201
GRAL. FLORES VENANCIO,10,0,4601
GRAL. GREGORIO ARAOZ DE LAMADRID,4,102,2901
GRAL. HORNOS,1,2,101
GRAL. HORNOS,4,0,2001
GRAL. IRIARTE,4,1302,2101
GRAL. JOSE GERVASIO ARTIGAS,7,2,1101
GRAL. JOSE GERVASIO ARTIGAS,11,1102,3151
GRAL. JOSE GERVASIO ARTIGAS,12,4102,5801
GRAL. JOSE GERVASIO ARTIGAS,15,0,4101
GRAL. JOSE M. BUSTILLO,7,3202,3401
GRAL. MARTIN DE GAINZA,6,0,1101
GRAL. NAPOLEON URIBURU,8,0,5901
GRAL. URQUIZA,3,0,1601
GRAL. URQUIZA,4,0,2301
GRAL.DIV.J.J. VALLE,4,0,3101
GRAL.ENRIQUE MARTINEZ,13,0,2401
GRAL.GERONIMO ESPEJO,7,2472,2501
GRAL.JUAN GREGORIO LEMOS,15,2,401
GRAL.JULIO RUIZ MORENO,8,3202,3301
GRAL.MANUEL N. SAVIO,14,202,601
GRAL.MANUEL PUCH,10,4802,4901
GRAL.RIVAS,11,0,2801
GRANADEROS,7,2,901
GRECIA,13,2902,4901
GREGORIA MATORRAS DE SAN MARTIN,4,2102,2201
GREGORIA MATORRAS DE SAN MARTIN,8,0,2401
GREGORIA PEREZ,13,3202,3501
GREGORIA PEREZ,15,3502,3701
GREGORIO DE LAFERRERE,7,0,3501
GREGORIO DE LAFERRERE,9,0,7501
GRITO DE ASENCIO,4,3102,3901
GRIVEO,11,0,4301
GRIVEO,12,2102,3301
GUACAMAYO,1,0,701
GUAL,4,0,2701
GUALEGUAY,4,0,1501
GUALEGUAYCHU,10,0,2501
GUALEGUAYCHU,11,0,5001
GUAMINI,8,3202,5801
GUAMINI,9,0,3201
GUANAHANI,0,102,201
GUANAHANI,4,202,601
GUARANI,4,0,701
GUARDIA NACIONAL,8,2302,4101
GUARDIA NACIONAL,9,0,2301
GUARDIA NACIONAL,10,0,701
GUARDIA VIEJA,3,3302,3401
GUARDIA VIEJA,5,3402,4701
GUATEMALA,14,0,6101
GUAYABA,1,2202,2251
GUAYAQUIL,6,2,901
GUAYMALLEN,4,902,1101
GUAYQUIRARO,4,502,601
GUAYRA,13,1502,2401
GUEMES,2,0,3301
GUEMES,14,3302,4901
GUERRA GAUCHA - CONT. AV. COREA (NO OFIC),7,0,2271
GUEVARA,15,2,1701
GUIDO,1,1502,1601
GUIDO,2,0,2701
GUILLERMO ENRIQUE GRANVILLE,11,2102,2201
GUILLERMO HUDSON,8,4102,4201
GUIPUZCOA,9,902,1001
GUISE,14,0,2001
GURRUCHAGA,14,1202,2501
GURRUCHAGA,15,2,1201
GUSTAVO REARTE,12,0,1
GUSTAVO RICCIO,7,102,201
GUTENBERG,11,0,4301
GUTENBERG,15,0,3301
GUZMAN,15,2,401
HABANA,11,0,4901
HABANA,12,2102,3301
HAITI,10,3902,4201
HAMBURGO,15,2802,3401
HAWAI,11,3002,3101
HELGUERA,7,2,901
HELGUERA,11,0,3491
HELGUERA,12,0,5801
HELGUERA,15,0,4101
HEREDIA,15,0,1801
HERMINIO MASANTONIO,4,2902,3101
HERNANDARIAS,4,0,2101
HERRERA,4,0,2601
HIDALGO,6,2,1101
HIDALGO,15,1202,1801
HILARIO DE ALMEIRA,10,4752,5101
HINOJO,10,4702,4801
HIPOLITO YRIGOYEN,1,502,1501
HIPOLITO YRIGOYEN,3,1802,3281
HIROSHIMA,13,2376,2401
HOLMBERG,12,0,4851
HOLMBERG,15,0,1801
HOMERO,9,0,2501
HOMERO,10,102,601
HOMERO MANZI,4,2902,3101
HONDURAS,14,4202,6101
HORACIO QUIROGA,13,1902,2001
HORTIGUERA,6,2,601
HORTIGUERA,7,0,2001
HUALFIN,6,702,1201
HUARI,1,602,701
HUAURA,15,0,1501
HUBAC,8,0,7101
HUBAC,9,4602,5001
HUDSON,8,0,4701
HUEMUL,1,0,1151
HUERGO,14,0,401
HUGO DEL CARRIL,7,0,1
HUMAHUACA,3,3302,3401
HUMAHUACA,5,3402,4701
HUMAITA,9,6602,7301
HUMBERTO 1Â°,1,2,1801
HUMBERTO 1Â°,3,1802,3301
HUMBERTO 1Â°,5,3302,3601
HUMBERTO SELVETTI,8,0,4601
HUMBOLDT,14,0,2501
HUMBOLDT,15,0,1301
HUNGRIA,10,902,1301
HUSARES,13,1802,2501
IBARROLA,9,0,7301
IBAÃEZ,8,7302,7501
IBERA,12,0,6201
IBERA,13,0,3101
ICALMA,4,2002,2101
IGNACIO F. RODRIGUEZ,7,2402,2501
IGUALDAD,7,1102,1301
IGUAZU,4,0,2071
INCA,5,3802,3901
INCLAN,4,2302,3301
INCLAN,5,3302,4401
INDALECIO GOMEZ,4,2402,2601
INDIO,11,2502,2601
ING. AGUSTIN GONZALEZ,11,2202,2301
ING. E. BUTTY,1,0,301
ING. ENRIQUE HERMITTE,8,5402,5501
ING. JOSE ESTEVEZ,8,0,2451
ING. JULIO KRAUSE,8,5402,5501
ING.CARLOS ECHAGUE,4,1202,1401
INT. BUNGE,14,0,1
INT. CANTILO,13,0,1
INT. CARLOS NOEL,9,402,701
INT. GUIRALDES,13,0,3001
INT. PINEDO,14,0,1
IRALA,4,2,2101
IRIGOYEN,0,152,401
IRIGOYEN,10,0,2601
IRLANDA,13,1702,1801
ISABEL LA CATOLICA,4,2,2401
ISIDORO DEMARIA,6,802,1001
ISLA DE PASCUA,1,2202,2801
ISLANDIA,12,5402,5601
ISLAS GALAPAGOS,1,0,3001
ITALIA,7,402,501
ITAQUI,4,1752,2201
ITAQUI,8,2202,7001
ITURRI,15,0,1601
ITUZAINGO,4,502,1201
ITUZAINGO - PUENTE JORGE L. BORGES,0,0,1
J.F.BATEMAN,11,2902,3101
JACARANDA,10,1302,1601
JACHAL,11,3502,3551
JACINTO VERDAGUER,4,3502,3601
JACOBO ADRIAN VARELA,8,3202,3301
JARAMILLO,12,0,5001
JARAMILLO,13,1502,2401
JARILLA,1,2202,2301
JAZMIN DEL PARAGUAY,1,2852,2901
JEAN JAURES,2,1002,1201
JEAN JAURES,3,2,1001
JEANETTE CAMPBELL,8,0,4601
JERONIMO SALGUERO,0,0,3901
JERONIMO SALGUERO,2,0,1
JERONIMO SALGUERO,5,2,1101
JERONIMO SALGUERO,14,0,3351
JOAQUIN CASTELLANOS,12,4702,5101
JOAQUIN GOMEZ SOMAVILLA,7,2002,2101
JOAQUIN V. GONZALEZ,0,802,2601
JOAQUIN V. GONZALEZ,10,0,801
JOAQUIN V. GONZALEZ,11,0,5101
JOHN FITZGERALD KENNEDY,14,2802,3201
JOHN W. COOKE,8,0,3301
JORGE,4,2102,2401
JORGE BERMUDEZ,9,1602,1701
JORGE CAFRUNE,12,0,1
JORGE CHAVEZ,9,0,7301
JORGE DI PASCUALE,12,0,1
JORGE LUIS BORGES,14,0,2501
JORGE NEWBERY,0,2402,2661
JORGE NEWBERY,13,0,3401
JORGE NEWBERY,14,1502,2801
JOSE A. CABRERA,2,2842,3501
JOSE A. CABRERA,14,3502,6101
JOSE A. CORTEJARENA,4,0,3601
JOSE A. TERRY,6,202,401
JOSE AARON SALMUN FEIJOO,4,0,1301
JOSE ANDRES PACHECO DE MELO,2,1802,3101
JOSE ANDRES PACHECO DE MELO,14,3102,3201
JOSE BARROS PAZOS,4,1602,1901
JOSE BARROS PAZOS,7,1902,2101
JOSE BARROS PAZOS,8,0,7001
JOSE BONIFACIO,6,2,1701
JOSE BONIFACIO,7,1702,3201
JOSE BONIFACIO,9,3802,4301
JOSE BONIFACIO,10,3202,3801
JOSE BORCHES,13,1002,1071
JOSE C. PAZ,4,2902,3701
JOSE CELEDONIO BALBIN,4,0,1
JOSE CUBAS,11,0,4901
JOSE CUBAS,12,2102,3301
JOSE DE LA QUINTANA,12,4402,4501
JOSE DE MATURANA,10,4702,5101
JOSE DE PAULA Y RODRIGUEZ ALVES,9,602,1101
JOSE E. CARBALLIDO,9,6302,6401
JOSE E. RODO,9,0,7501
JOSE GOLA,12,0,1
JOSE HERNANDEZ,13,0,2851
JOSE IGNACIO RUCCI,8,0,4701
JOSE INGENIEROS,11,2602,3001
JOSE J. PODESTA,10,2902,3001
JOSE JUAN BIEDMA,6,2,1101
JOSE JULIAN PEREZ,5,502,701
JOSE LEON CABEZON,11,3302,4001
JOSE LEON CABEZON,12,2202,3301
JOSE LEON PAGANO,2,2602,2701
JOSE LEON PAGANO,14,2702,2801
JOSE LEON SUAREZ,8,3302,6001
JOSE LEON SUAREZ,9,0,3301
JOSE LUIS CANTILO,10,5302,5701
JOSE LUIS CANTILO,11,4102,5301
JOSE MARIA CALAZA,9,1402,1601
JOSE MARIA SAGASTA ISLA,13,2052,2101
JOSE MARMOL,5,2,2201
JOSE MARTI,7,0,1901
JOSE MARTI,8,0,3501
JOSE P.T.BATLLE Y ORDOÃEZ,8,0,6901
JOSE PASCUAL TAMBORINI,12,0,6201
JOSE PASCUAL TAMBORINI,13,2502,3101
JOSE PAZOS,4,2502,2601
JOSE PEDRO VARAS,12,3202,3301
JOSE PEDRO VARELA,10,5302,6101
JOSE PEDRO VARELA,11,0,5301
JOSE PENELON,12,0,1
JOSE PIO MUJICA,4,2302,2901
JOSE R.BALTORE,9,6902,7001
JOSE VERDI,10,1702,1901
JUAN A. BUSCHIAZZO,14,3002,3101
JUAN A.BIBILONI,2,2801,2900
JUAN A.BOERI,10,1102,1201
JUAN AGUSTIN GARCIA,10,3902,6001
JUAN AGUSTIN GARCIA,11,1602,3901
JUAN AGUSTIN GARCIA,15,1002,1601
JUAN B. PRIMOLI,9,7402,7501
JUAN B.AMBROSETTI,6,0,1001
JUAN BAUTISTA JANTIN,5,1902,2201
JUAN CARLOS GOMEZ,4,2,301
JUAN CHASSAING,15,2,101
JUAN CYMES,8,3102,3301
JUAN DARQUIER,4,902,1001
JUAN DE CASTRO,7,1402,1601
JUAN DE DIOS FILIBERTO,4,902,1101
JUAN DE SOLORZANO PEREIRA,11,2702,2801
JUAN DEL CASTILLO,7,1302,1391
JUAN ESTEBAN MARTINEZ,10,2002,2401
JUAN F.DE LA ROBLA,7,902,1001
JUAN FRANCISCO OLMOS,10,2,301
JUAN FRANCISCO SEGUI,14,3502,4751
JUAN J. ROUSSEAU,15,2002,2101
JUAN JOSE NAON,7,602,1001
JUAN LEON PALLIERE,9,1302,1501
JUAN M. COGHLAN,11,4502,4801
JUAN M. THOME,4,3502,3601
JUAN MANUEL BLANES,4,0,601
JUAN MANUEL FANGIO,4,3002,3401
JUAN MARIA GUTIERREZ,2,2502,2801
JUAN MARIA GUTIERREZ,14,3702,4001
JUAN MORA FERNANDEZ,14,2902,3001
JUAN P. CALOU,8,5202,5501
JUAN PABLO DUARTE,12,4702,5201
JUAN PABLO II,8,0,1
JUAN PABLO LOPEZ,11,3302,3701
JUAN PABLO SAENZ VALIENTE,13,602,1201
JUAN RAMIREZ DE VELASCO,15,0,1601
JUAN SEBASTIAN BACH,12,4302,4501
JUAN VUCETICH,9,402,601
JUAN XXIII,7,2102,2201
JUANA AZURDUY,12,3102,3701
JUANA AZURDUY,13,1502,3101
JUANA DE ARCO,4,2502,2601
JUANA DE IBARBOUROU,6,0,1101
JUANA MANSO,1,0,1901
JUANA MANUELA GORRITI,1,0,2201
JUANA MARÃA DE LARA,8,0,4701
JUANA MORO,8,4602,5151
JUEZ ESTRADA,14,2702,2901
JUEZ MAGNAUD,4,0,1501
JUEZ TEDIN,14,2702,3201
JUFRE,15,2,1201
JULIAN AGUIRRE,9,1402,1501
JULIAN ALVAREZ,14,0,2901
JULIAN ALVAREZ,15,0,1101
JULIETA LANTERI,1,0,1901
JULIO ARGENTINO NOBLE,14,3702,4101
JULIO CORTAZAR,15,0,3701
JULIO S. DANTAS,11,3202,3401
JULIO TROXLER,8,0,3301
JULIO VICTOR GONZALEZ,2,2801,2900
JUNCAL,1,602,1401
JUNCAL,2,0,3101
JUNCAL,14,3102,4701
JUNIN,2,802,2001
JUNIN,3,2,801
JURAMENTO,12,3802,5901
JURAMENTO,13,602,3801
JUSTO ANTONIO SUAREZ,9,6502,7501
KING,5,302,401
KOLLAS,1,2102,2477
LA ARBOLEDA,8,6102,6301
LA BLANQUEADA,11,5102,5401
LA CACHILA,13,8502,8701
LA CALANDRIA,11,2102,2301
LA CAPITAL,7,1102,1201
LA CAUTIVA,9,302,701
LA COMUNA,11,3102,3201
LA CONQUISTA,10,1002,1101
LA CONSTANCIA,4,2502,2701
LA CORDILLERA,9,1102,1301
LA DILIGENCIA,10,6202,6301
LA ESPIGA,11,2702,2801
LA FACULTAD,9,0,1901
LA FONTAINE,9,5102,5201
LA FRONDA,11,1502,1701
LA GALERA,7,1702,1801
LA GLORIA,12,1902,2001
LA HAYA,15,3702,4101
LA HUELLA,10,6202,6301
LA HUERTA,9,6802,7001
LA KANTUTA,8,4202,4251
LA LOMA,4,0,1
LA MADRESELVA,9,6802,7001
LA MAR,6,102,201
LA MAREA,11,1602,1701
LA MESOPOTAMIA,8,4102,4201
LA NAVE,6,902,1101
LA NIÃA,10,1602,1701
LA PAMPA,0,0,6001
LA PAMPA,13,0,3701
LA PINTA,10,1602,1701
LA PORTEÃA,7,2,101
LA QUENA,9,0,2001
LA RIOJA,3,0,1601
LA RIOJA,4,1602,2201
LA SANTA MARIA,10,1602,1701
LA SELVA,10,4002,4101
LA TRILLA,4,2102,2401
LACARRA,9,402,701
LACARRA,10,0,401
LADINES,11,0,4151
LADINES,12,2202,3301
LAFAYETTE,4,502,2001
LAFINUR,14,0,3401
LAFUENTE,7,2,701
LAFUENTE,8,0,3401
LAGOS,4,2902,3001
LAGRANGE,10,1202,1301
LAGUNA,8,2302,3261
LAGUNA,9,0,1601
LAMBARE,5,802,1301
LANCHEROS DEL PLATA,4,4452,4501
LANIN,4,2,201
LANUS,7,3002,3201
LANZA,4,0,2601
LAPACHO,11,2202,2301
LAPACHO ROSADO,1,2302,2401
LAPLACE,11,3202,3401
LAPRIDA,2,902,2201
LARRAYA,8,0,4501
LARRAYA,9,0,2601
LARRAZABAL,8,0,4501
LARRAZABAL,9,0,2601
LARREA,2,802,1601
LARREA,3,2,801
LARSEN,11,3302,3401
LARSEN,12,2302,3301
LAS ACACIAS,10,1302,1601
LAS BASES,9,102,701
LAS CARACOLAS,7,1902,2301
LAS CASAS,5,3402,4201
LAS COLONIAS,10,2102,2301
LAS FLORES,15,2,101
LAS INDIAS,15,1002,1101
LAS PALMAS,4,2402,3051
LAS PROVINCIAS,11,3002,3201
LAS TUNAS,9,11102,11201
LASCANO,10,0,7001
LASCANO,11,2202,3901
LASCANO,15,0,2201
LAURELES ARGENTINOS,11,5002,5101
LAUSANA,11,3302,3501
LAUTARO,7,0,1801
LAVADERO,4,2102,2201
LAVALLE,1,0,1801
LAVALLE,3,0,3301
LAVALLE,5,0,4101
LAVALLEJA,14,1202,1601
LAVALLEJA,15,2,1201
LAVARDEN,4,0,951
LAVAYSSE B (ex Frag. Benito Correa),4,902,1851
LAVOISIER,12,3002,3601
LEIPZIG,10,4902,5001
LEIVA,15,0,4901
LEON PINELO,9,4702,4901
LEONA VICARIO,8,4302,4401
LEONARDO DA VINCI,10,2002,2401
LEONES,10,1402,1501
LEOPARDI,10,2,551
LEOPOLDO BASAVILBASO,13,902,1001
LEOPOLDO MARECHAL,6,0,1101
LEOPOLDO MARECHAL,15,1102,1401
LERMA,15,2,701
LETONIA,1,0,1
LEZICA,5,3902,4501
LIBERTAD,1,0,1701
LIBERTAD LAMARQUE,4,0,701
LIBRES,5,102,201
LIMA,1,0,2001
LINNEO,15,1802,2201
LISANDRO DE LA TORRE,8,0,5601
LISANDRO DE LA TORRE,9,0,1801
LISBOA,10,0,901
LITUANIA,12,5402,5501
LIVERPOOL,15,2802,3001
LLAVALLOL,11,1502,5601
LLERENA,15,2402,3201
LLORENTE,4,602,701
LOBERIA,10,2,201
LOBOS,10,4302,4401
LOGROÃO,8,5502,5701
LOLA MORA,1,0,601
LOMAS DE ZAMORA,11,2402,2501
LONDRES,15,3902,4401
LOPE DE VEGA,10,0,601
LOS ANDES,11,3102,3201
LOS CEDROS,8,6752,7001
LOS EUCALIPTOS,8,6702,6801
LOS OLMOS,8,4202,4401
LOS PATOS,4,1702,3501
LOS PIRINEOS,11,1302,1401
LOS RECUERDOS,9,302,701
LOS ROBLES,8,6702,7001
LOS TELARES,4,502,601
LOS TERRITORIOS,11,2702,2801
LOS TILOS,8,4302,4351
LOS ÃLAMOS,8,4252,4401
LOYOLA,15,2,1701
LUCERO,5,202,301
LUCHTER (SUR),9,0,7501
LUCIO CORREA MORALES,8,2602,3101
LUGO,4,1102,1201
LUGONES,12,0,5001
LUGONES,15,1402,1801
LUIS A.DE HERRERA,8,3102,3501
LUIS BRAILLE,10,5302,5801
LUIS DELLEPIANE,1,602,701
LUIS GAITAN,9,1402,1501
LUIS GARCIA LAGOS,9,902,1001
LUIS MARIA DRAGO,15,2,501
LUIS VIALE,6,802,1701
LUIS VIALE,11,1702,3401
LUIS VIALE,15,0,801
LUISITO CUTER,8,0,4301
LUJAN,4,2002,3801
LUMA CHEQUEN,1,2402,2501
LUNA,4,2,2301
LUXEMBURGO,9,6902,7001
LUZURIAGA,4,0,2001
LYNCH,4,0,4001
MACACHA GUEMES,1,0,701
MACEDONIO FERNANDEZ,12,5602,6101
MACHAIN,12,0,5001
MACHU PICCHU,1,2102,2801
MADARIAGA,8,6102,7001
MADERO,9,102,401
MADERO,10,402,1301
MADRID,10,6602,7001
MAFALDA,4,802,901
MAGALLANES,4,802,1701
MAGDALENA,11,2402,2501
MAHATMA GANDHI,15,202,801
MAIPU,1,2,1051
MAITEN,6,602,671
MAKA,1,2202,2451
MALABIA,14,1202,2501
MALABIA,15,2,1201
MALAGA,8,5502,5701
MALASIA,14,802,901
MALDONADO,8,5402,5501
MALVINAS ARGENTINAS,6,2,501
MALVINAS ARGENTINAS,7,502,1001
MALVINAS ARGENTINAS / SOMELLERA (NO OFICIAL),7,2002,2281
MANAGUA,8,5402,5501
MANCO CAPAC,7,1196,1701
MANDISOBI,4,2902,3001
MANUEL ALVAREZ PRADO,12,2402,2601
MANUEL ARCE,9,1002,1201
MANUEL DE ARTIGAS,9,0,7201
MANUEL DE SAN GINES,11,1902,2001
MANUEL EGUIA,7,902,1201
MANUEL GALVEZ,4,102,301
MANUEL GARCIA,4,0,501
MANUEL J. SAMPERIO,4,902,1101
MANUEL MONTES DE OCA AV,4,2102,2301
MANUEL OBARRIO,14,2902,3001
MANUEL PADILLA,12,4002,4101
MANUEL PORCEL DE PERALTA,0,302,401
MANUEL PORCEL DE PERALTA,10,0,1501
MANUEL R. TRELLES,7,602,1101
MANUEL R. TRELLES,11,1102,2301
MANUEL R. TRELLES,15,0,1
MANUEL SOLA,11,4402,4801
MANUEL UGARTE,12,3102,3929
MANUEL UGARTE,13,1502,3101
MANUELA GANDARILLAS,8,4602,5001
MANUELA PEDRAZA,12,0,6401
MANUELA PEDRAZA,13,0,3101
MANUELA SAENZ,1,302,601
MANZANARES,12,0,5001
MANZANARES,13,1602,2401
MANZONI,10,2,401
MAPUCHES,1,1276,2201
MAR DEL PLATA,10,902,1101
MAR DULCE,4,302,601
MARACAIBO,8,3252,3351
MARCELINO CHAMPAGNAT,4,0,1
MARCELO GAMBOA,10,6102,7001
MARCELO T.DE ALVEAR,1,0,1401
MARCELO T.DE ALVEAR,2,1402,2501
MARCOS PAZ,10,1502,2701
MARCOS PAZ,11,0,4701
MARCOS SASTRE,10,3902,6401
MARCOS SASTRE,11,2592,3901
MARCOS SEGUIN,4,2502,2601
MARIA ANTONIA DE LA PAZ Y FIGUEROA,10,4502,4601
MARIA CATALINA MARCHI,14,202,301
MARIA ELENA WALSH,1,1052,1301
MARIA LUISA BEMBERG,1,0,1
MARIA LUISA BEMBERG,4,0,1
MARIA PARADO DE BELLIDO,1,0,1801
MARIA R. DEL VALLE,9,3502,3751
MARIA REICHE,8,4352,4401
MARIA TERESA FERRARI,14,5202,5301
MARIANO ACHA,12,0,5001
MARIANO ACHA,15,902,1801
MARIANO ACOSTA,7,0,2401
MARIANO ACOSTA,8,0,3701
MARIANO ACOSTA,9,1422,1601
MARIANO DEMARIA,15,402,501
MARIE LANGER,1,0,1
MARIO BERNASCONI,15,2202,2301
MARIO BRAVO,0,1002,1401
MARIO BRAVO,5,2,1001
MARIQUITA SANCHEZ DE THOMPSON,1,0,401
MARISCAL F. SOLANO LOPEZ,11,0,4001
MARISCAL F. SOLANO LOPEZ,15,2102,3201
MARISCAL RAMON CASTILLA,14,0,3091
MARSELLA,15,2402,2601
MARTA LYNCH,1,302,601
MARTHA SALOTTI,1,0,601
MARTIN A. MALHARRO,12,2502,2701
MARTIN CORONADO,14,3102,3501
MARTIN DE MOUSSY,4,402,501
MARTIN FIERRO,10,5302,5801
MARTIN GRANDOLI,8,5702,6051
MARTIN PESCADOR,11,2102,2401
MARTIN RODRIGUEZ,4,102,1201
MARTINEZ CASTRO,8,2302,3201
MARTINEZ CASTRO,9,0,1601
MARTINEZ CASTRO,10,202,301
MARTINEZ DE HOZ,9,0,7301
MARTINEZ ROSAS,15,902,1501
MARTINIANO BONORINO,12,3002,3201
MARTINIANO LEGUIZAMON,8,0,4701
MARTINIANO LEGUIZAMON,9,2,2001
MARTIRES PALOTINOS,12,3902,4151
MASON,14,4402,4501
MATACO,10,1302,1601
MATANZA,4,2702,3721
MATANZA,7,0,1
MATEO J. MARTINEZ,11,5202,5301
MATHEU,3,2,1601
MATHEU,4,1602,2201
MATORRAS,6,202,401
MATURIN,15,2100,2901
MAURE,13,2402,3501
MAURE,14,1502,2401
MAURE,15,0,4201
MAYOR ARTURO LUISONI,1,0,2601
MAZA,5,2,2301
MBARACAYU,1,0,2701
MBURUCUYA,9,6802,7001
MCAL.ANTONIO JOSE DE SUCRE,12,3802,4801
MCAL.ANTONIO JOSE DE SUCRE,13,602,3801
MEDANOS,11,1502,1601
MEDEYROS,12,3402,3601
MEDINA,9,502,2101
MEDINA,10,0,501
MEDRANO,14,0,2001
MELGAR,4,2,201
MELINCUE,10,0,5601
MELINCUE,11,2458,5301
MELINCUE,15,2402,2457
MEMBRILLAR,7,2,1001
MENDEZ,8,2402,2601
MENDEZ DE ANDES,6,0,1701
MENDEZ DE ANDES,7,1702,2401
MENDOZA,12,3802,5901
MENDOZA,13,0,3801
MENENDEZ Y PELAYO,10,302,401
MERCEDES,10,2,2601
MERCEDES,11,0,5101
MERCEDES SOSA,15,2302,2451
METAN,5,3602,4301
MEXICO,1,0,1801
MEXICO,3,1802,3301
MEXICO,5,3302,4401
MICAELA BASTIDAS,1,802,1301
MIGUEL ANDRES CAMINO,12,3602,3801
MIGUEL ANGEL,15,0,2001
MIGUEL C. VICTORICA,4,102,301
MIGUEL CANE,14,3002,3061
MIGUEL COUTO,10,2602,2701
MIGUEL COUTO,11,2702,2801
MIGUEL DE UNAMUNO,4,1602,1701
MIGUEL NAVARRO VIOLA,7,2402,2501
MIGUEL REYES BARBOSA,8,6202,6301
MIGUEL SKENNON,9,502,601
MIGUELETES,13,1602,2501
MIGUELETES,14,0,1401
MILAN,11,1702,1801
MILLER,12,0,5001
MILTON,10,2,501
MINISTRO BRIN,4,0,1501
MIRAFLORES,7,2002,2301
MIRALLA,8,2502,4401
MIRALLA,9,0,2501
MIRAMAR,10,4002,4401
MIRANDA,10,3902,6201
MIRANDA,11,3602,3901
MIRAVE,4,2702,3701
MIRIÃAY,4,3502,3601
MIRO,6,2,601
MIRO,7,702,1901
MISIONES,3,2,401
MIÃONES,13,1702,2501
MOCHICA,1,1252,1275
MOCORETA,4,0,601
MOCTEZUMA,10,0,1501
MOISES LEBENSOHN,4,902,1101
MOLDES,12,0,4701
MOLDES,13,0,3601
MOLIERE,10,0,3101
MOLINA,9,1102,2001
MOLLE,1,2102,2401
MOM,4,0,3901
MOM,7,2002,2301
MOMPOX,1,1602,1801
MONACO,11,4402,4601
MONASTERIO,4,2,751
MONROE,12,0,5901
MONROE,13,0,3801
MONSEÃOR VICENTE ZAZPE,14,3102,3201
MONTAÃESES,13,1802,3201
MONTE,9,0,7501
MONTE DINERO,7,1502,1601
MONTEAGUDO,4,2,2101
MONTENEGRO,15,0,1701
MONTESQUIEU,4,302,1601
MONTEVIDEO,0,1602,2001
MONTEVIDEO,1,2,801
MONTEVIDEO,2,802,1601
MONTIEL,8,0,6001
MONTIEL,9,0,3301
MONTREAL,8,4902,5401
MORELOS,6,2,801
MORENO,1,0,1801
MORENO,3,1802,3301
MORENO,5,3302,3701
MORETO,9,0,1801
MORETO,10,2,501
MORLOTE,15,768,1101
MORON,7,2302,3201
MORON,10,3202,5201
MORSE,5,4302,4401
MOSCU,15,5102,5501
MOVIMIENTO DE VILLAS,8,6102,6201
MOZART,0,2202,2251
MOZART,8,2252,2531
MOZART,9,502,2101
MOZART,10,0,501
MUJERES DE FRAGA,15,4102,4201
MUJERES LUCHADORAS,8,0,1
MUNICH,13,1702,1801
MURATURE,10,4502,5401
MURCIA,15,1502,1601
MURGUIONDO,8,0,4801
MURGUIONDO,9,0,2901
MURILLO,15,502,1301
MUTUALISMO,4,2502,2601
MUÃECAS,15,702,1501
MUÃIZ,5,2,2201
NACIONES UNIDAS,11,2702,3001
NAHUEL HUAPI,12,3930,5901
NAMUNCURA,10,2202,2401
NAPOLES,15,3102,3301
NATAL,4,2302,2601
NAVARRO,11,0,5301
NAVARRO,15,2102,3171
NAZARRE,10,5302,6301
NAZARRE,11,2502,5301
NAZCA,12,0,5901
NAZCA,15,3502,4101
NECOCHEA,4,0,1521
NELLY BELTRAN,8,4252,4301
NEMESIO TREJO,10,5002,5301
NEPPER,7,1002,1301
NEUQUEN,6,0,1801
NEUQUEN,7,1802,3001
NEVADA,11,2502,2601
NEWTON,2,2552,2601
NICANOR MENDEZ,13,2502,2601
NICARAGUA,14,4302,6101
NICASIO OROÃO,6,0,1701
NICASIO OROÃO,11,1702,2001
NICASIO OROÃO,15,2002,2601
NICOLAS DESCALZI,8,5402,5601
NICOLAS E. VIDELA,6,402,601
NICOLAS GRANADA,15,1602,1701
NICOLAS VILA,6,402,501
NIZA,11,1702,1801
NOGOYA,10,0,6401
NOGOYA,11,0,5301
NORUEGA,11,3702,3801
NTRA. SRA. DE CAACUPE,8,0,1
NUEVA YORK,11,3302,5301
NUEVA YORK,15,0,3301
NUEVA ZELANDIA,15,4802,4901
NUMANCIA,6,402,501
NUÃEZ,12,0,6401
NUÃEZ,13,1502,3101
O'BRIEN,1,1102,1301
O'GORMAN,8,0,3651
O'HIGGINS,13,1402,4801
O'HIGGINS,14,1302,1401
OBISPO SAN ALBERTO,11,3302,3801
OBISPO SAN ALBERTO,12,2202,3301
OBRERO ROBERTO NUÃEZ,5,4302,4401
OCEANIA,7,1902,2001
OCEANIA (NO OFICIAL),7,0,2101
OCEANÃA (NO OFICIAL),7,0,1
OHM,15,2202,2301
OLAVARRIA,4,2,3401
OLAYA,6,1002,1101
OLAYA,15,1102,1901
OLAZABAL,13,0,3401
OLEGARIO V. ANDRADE,6,252,401
OLGA COSSETTINI,1,0,1701
OLIDEN,8,0,4801
OLIDEN,9,0,2801
OLIVIERI,10,2,401
OLIVOS,9,5602,5701
OLLEROS,13,2402,3501
OLLEROS,14,1902,2401
OLLEROS,15,0,4201
OLOF PALME,12,4002,4801
OMBU,14,2902,3101
ONCATIVO,4,1902,2001
ONESIMO LEGUIZAMON,9,7102,7501
OPORTO,10,6102,6301
ORMA,4,3202,3501
ORTEGA,6,802,1101
ORTEGA Y GASSET,14,1502,2001
ORTIZ DE OCAMPO,14,2502,2801
ORURO,3,0,1601
OSAKA,6,1202,1301
OSCAR NATALIO BONAVENA,4,0,1501
OSLO,15,1202,1401
OSORIO,15,4902,5101
OSTENDE,10,2402,2601
OSVALDO CRUZ,4,3402,4101
OTAMENDI,6,2,701
OTERO,15,2,401
OTTAWA,10,2902,3001
OVIDIO GOMEZ,8,6102,6301
OWEN,4,2902,2961
PABLO CURATELLA MANES,11,1902,2001
PABLO GIORELLO,1,0,1
PABLO PODESTA,10,4402,4501
PACHECO,12,0,3601
PADILLA,15,202,1301
PADRE CANAVERY,13,1302,1601
PADRE CARLOS MUGICA,1,2,2001
PADRE CARLOS MUGICA,2,2002,3501
PADRE ENRIQUE CONTARDI,4,3502,3601
PADRE FAHY,11,2702,2901
PADRE FEDERICO GROTE,4,602,801
PADRE LORENZO BARTOLOME MASSA,7,1102,1301
PADRE M. L. MIGONE,1,0,1
PADRE MONTES CARBALLO,9,1502,1801
PADRE NEUMANN JUAN B.,13,1402,1501
PADRE VICENTE RIGONI (NO OFICIAL),11,0,1
PAEZ,7,1702,3201
PAEZ,10,3202,3401
PAILEBOT DAVISON,8,0,4101
PALCO,1,2502,2541
PALMAR,9,0,7301
PALO SANTO,1,2218,2401
PALOS,4,2,901
PALPA,13,2402,3501
PALPA,14,2302,2401
PALPA,15,3502,4101
PANAMA,5,902,1001
PANTALEON RIVAROLA,15,2402,2471
PARACAS,4,2,501
PARAGUAY,1,0,1401
PARAGUAY,2,1402,3401
PARAGUAY,14,3402,5701
PARANA,1,2,801
PARANA,2,802,1401
PAREJA,11,0,4901
PAREJA,12,2102,3301
PARERA,1,2,201
PARIS,10,402,701
PARKER,4,2,101
PAROISSIEN,12,0,4901
PAROISSIEN,13,1602,2401
PARQUE DE LOS NIÃOS,13,0,1
PARRAL,6,2,301
PASAJE 1 Bo. RIVADAVIA,7,1702,1801
PASAJE 10 Bo. RIVADAVIA,7,0,1
PASAJE 11 Bo. RIVADAVIA,7,1902,2001
PASAJE 12 Bo. RIVADAVIA,7,1802,1901
PASAJE 13 Bo. RIVADAVIA,7,1802,1901
PASAJE 14 Bo. RIVADAVIA,7,0,2001
PASAJE 15 Bo. RIVADAVIA,7,0,2001
PASAJE 16 Bo. RIVADAVIA,7,0,2001
PASAJE 17 Bo. RIVADAVIA,7,0,1
PASAJE 18 Bo. RIVADAVIA,7,0,1
PASAJE 19 Bo. RIVADAVIA,7,2002,2101
PASAJE 2 Bo. RIVADAVIA,7,1702,1801
PASAJE 2 DE ABRIL,15,3102,3201
PASAJE 20 Bo. RIVADAVIA,7,2002,2101
PASAJE 21 Bo. RIVADAVIA,7,0,1
PASAJE 23 Bo. RIVADAVIA,7,0,1
PASAJE 24 Bo. RIVADAVIA,7,0,1
PASAJE 25 Bo. RIVADAVIA,7,0,1
PASAJE 26 Bo. RIVADAVIA,7,0,1
PASAJE 27 Bo. RIVADAVIA,7,2162,2261
PASAJE 27 DE MAYO,8,3420,3701
PASAJE 28 Bo. RIVADAVIA,7,2162,2261
PASAJE 29 Bo. RIVADAVIA,7,2162,2261
PASAJE 3 Bo. RIVADAVIA,7,1702,1901
PASAJE 4 Bo. RIVADAVIA,7,1702,1901
PASAJE 5 Bo. RIVADAVIA,7,1702,1901
PASAJE 6 Bo. RIVADAVIA,7,0,1
PASAJE 7 Bo. RIVADAVIA,7,0,1
PASAJE 8 Bo. RIVADAVIA,7,1702,1901
PASAJE 9 Bo. RIVADAVIA,7,0,1
PASAJE A,8,0,1
PASAJE AZUL,7,0,1
PASAJE B,8,0,1
PASAJE B. FÃTIMA (NO OFICIAL),8,2802,2971
PASAJE C,8,0,1
PASAJE D,8,0,1
PASAJE DE LA ROSA,8,6702,6901
PASAJE DE LAS ARTES,8,0,1
PASAJE DE LOS SUEÃOS,8,5202,5301
PASAJE DE LOS TRABAJADORES,8,4332,4401
PASAJE E,8,0,1
PASAJE ECHEANDIA BO. PIRELLI (NO OFICIAL),8,0,1
PASAJE EL ENCUENTRO,8,5402,5501
PASAJE EL PORVENIR,9,2302,2351
PASAJE EL PROGRESO,9,2202,2301
PASAJE ESPERANZA,8,5402,5501
PASAJE F,8,0,1
PASAJE FLOREAL FERRARA,8,2502,2601
PASAJE G,8,0,1
PASAJE GAUCHITO GIL,8,2560,2601
PASAJE H,8,0,1
PASAJE HEBE SAN MARTIN DE DUPRAT,8,5302,5401
PASAJE I,8,0,1
PASAJE INTERNO PQUE. AVELLANEDA,9,0,1
PASAJE J,8,0,1
PASAJE K,8,0,1
PASAJE L,8,0,1
PASAJE LA ESPERANZA,8,2602,2701
PASAJE LA JAULITA,8,3670,3701
PASAJE LATINOAMERICANO,8,5202,5301
PASAJE MANZANA 5 (NO OFICIAL),8,0,1
PASAJE MANZANA C (NO OFICIAL),9,2202,2301
PASAJE MANZANA C BIS (NO OFICIAL),9,2202,2301
PASAJE MERCOSUR,8,5302,5401
PASAJE NORTE,14,2,25
PASAJE PADRE BERNAZA,8,2702,2801
PASAJE PANAMERICANO,8,4332,4401
PASAJE ROJAS,6,0,1
PASAJE ROJAS (NO OFICIAL),6,0,1
PASAJE SASTRE,1,1902,2001
PASAJE SIXTO PALAVECINO,8,3670,3701
PASAJE SUBTERRÃNEO,11,0,1
PASAJE SUIZO (NO OFICIAL),2,0,1
PASAJE TERESA DE CALCUTA,8,3670,3701
PASAJE UNIDAD,8,3452,3501
PASAJE USHUAIA,13,1902,2001
PASAJE VALLE(ARGERICH 500),7,2,21
PASAJE VIRGEN DE URKUPIÃA,8,0,1
PASCO,3,2,1601
PASCO,4,2002,2201
PASCUAL PEREZ,8,4402,4601
PASEO ALFREDO ZITARROSA,14,0,1
PASEO DE LAS MUJERES DEL BARRIO LA BOCA,4,0,1
PASEO DE LOS ARTISTAS,9,0,1
PASEO INTERNO AGRONOMIA,15,0,1
PASEO ISLAS MALVINAS,8,0,1
PASEO LA VIA PADRE CARLOS MUGICA (NO OFICIAL),4,0,1
PASEO LIBORIO PUPILLO,9,0,1
PASEO PADRE DANIEL DE LA SIERRA,4,1602,1801
PASILLO 1 MZA 53 (NO OFICIAL),4,0,1
PASILLO 2 MZA 53 (NO OFICIAL),4,0,1
PASILLO ALT. OSVALDO CRUZ 3475 (NO OFICIAL),4,0,1
PASILLO EL AMANECER,8,2580,2601
PASILLO EVITA,8,2602,2631
PASILLO INTERNO MZA B (NO OFICIAL),9,0,1
PASILLO INTERNO MZA B BIS (NO OFICIAL),9,0,1
PASILLO LAVARDEN,4,0,1
PASILLO MZA 57 (NO OFICIAL),4,0,1
PASILLO MZA ALEGRE PAVIMENTO (NO OFICIAL),4,0,1
PASILLO MZAS 12-13 (NO OFICIAL),4,0,1
PASILLO MZAS 20-21 (NO OFICIAL),4,0,1
PASILLO MZAS 21-22 (NO OFICIAL),4,0,1
PASILLO MZAS 24-25 (NO OFICIAL),4,0,1
PASILLO MZAS D2-D3 (NO OFICIAL),9,0,1
PASILLO NO OFICIAL (ALT. ZAVALETA 1101),4,0,1
PASILLO NO OFICIAL CONT. ZAVALETA,4,0,1
PASILLO NO OFICIAL MZAS 54-58,4,0,1
PASILLO PADRE CARLOS BUSTOS,8,3502,3531
PASILLO SIN NOMBRE OFICIAL MZA 26 BIS,8,0,1
PASILLO SIN NOMBRE OFICIAL MZAS 18-19,8,6102,6301
PASILLO UNIDAD,8,3402,3451
PASO,3,2,801
PASO DE LOS LIBRES,11,2402,2601
PASTEUR,3,2,801
PASTORAL VILLERA,8,6102,6301
PATAGONES,4,2402,3001
PATRON,9,0,7601
PATRON,10,5302,5601
PAUL GROUSSAC,10,5302,5801
PAULA ALBARRACIN DE SARMIENTO,11,3302,3501
PAUNERO,14,2702,2901
PAVON,1,1102,1801
PAVON,3,0,3301
PAVON,5,3302,3601
PAYSANDU,6,2,1801
PAYSANDU,15,0,2401
PAZ SOLDAN,15,0,5201
PEDERNERA,7,0,1801
PEDERNERA,8,2702,3801
PEDRO AGOTE,13,1302,1501
PEDRO BIDEGAIN,5,4052,4401
PEDRO CALDERON DE LA BARCA,10,0,2301
PEDRO CALDERON DE LA BARCA,11,2302,3801
PEDRO DE JEREZ,15,402,501
PEDRO DE VALDIVIA,11,2502,2701
PEDRO ECHAGUE,1,1102,1801
PEDRO ECHAGUE,4,1802,1901
PEDRO F. ZALDIVAR,15,3202,3301
PEDRO LAREDO,5,120,201
PEDRO LOZANO,10,5302,6051
PEDRO LOZANO,11,0,5301
PEDRO MORAN,10,5302,5551
PEDRO MORAN,11,0,5301
PEDRO MORAN,15,2102,3213
PEDRO N. ARATA,4,0,1601
PEDRO VELARDE,4,3202,3301
PEDRO ZONZA BRIANO,4,102,201
PEHUAJO,10,902,1001
PEIPING,10,5102,5201
PEPIRI,4,0,1601
PERDRIEL,4,0,2001
PEREYRA,5,1502,1801
PEREYRA LUCENA,14,2502,2701
PERGAMINO,7,1502,2001
PERGAMINO,8,0,4001
PERGAMINO,9,0,1501
PERGAMINO,10,2,401
PERIBEBUY,9,6702,7301
PERNAMBUCO,11,2102,2501
PERRAULT,7,1102,1301
PERU,1,0,1601
PERU,4,1602,1801
PESCADORES,7,2,101
PESTALOZZI,12,3402,3601
PETRONA EYLE,1,0,501
PEÃA,2,2002,3201
PI Y MARGALL,4,0,1301
PICHEUTA,7,1302,2101
PICHINCHA,3,2,1601
PICHINCHA,4,2002,2201
PICO,12,0,5001
PICO,13,1502,2401
PIEDRAS,1,0,1601
PIEDRAS,4,1602,2031
PIERES,9,0,2001
PIERINA DEALESSI,1,0,2101
PILA,9,7302,7501
PILAR,9,602,2001
PILCOMAYO,4,702,1201
PILLADO,7,702,1201
PINTO,12,0,4901
PINZON,4,2,1701
PIO COLLIVADINO,9,402,501
PIO RODRIGUEZ,10,5302,5401
PIRAN,12,5402,6401
PIROVANO,4,0,601
PITAGORAS,9,472,901
PIZARRO,9,0,7701
PIZARRO,10,5202,5651
PIZZURNO,2,902,1001
PJE (AV. ROCA 5100),8,0,5301
PJE (AV. ROCA 5400),8,0,1
PJE (F.F.DE LA CRUZ 5200),8,4502,4681
PJE (J.B. JUSTO 9100),9,0,501
PJE (LARRAZABAL 4700),8,4682,4831
PJE (MOZART 2370),8,4402,4501
PJE SAN CAYETANO,4,0,1
PJE. 1 DE ABRIL,4,0,1
PJE. 15 DE MAYO,4,0,1
PJE. 24-25,8,0,1
PJE. 9 DE JULIO (NO OFICIAL),15,0,1
PJE. ALVAREZ JONTE (NO OFICIAL),15,0,1
PJE. AMIGOS DE LAS ARTES,10,0,1
PJE. ATACAMA,1,802,1051
PJE. CARQUEJA,1,2752,2801
PJE. CEDRON,1,2202,2301
PJE. CIPRES,1,2802,2851
PJE. COPIHUE,1,2702,2801
PJE. CORTADERA,1,2752,2801
PJE. EDUARDO WILDE,10,2202,2301
PJE. ELODEA,1,2802,2851
PJE. GENDARMERIA NACIONAL,1,802,901
PJE. GUATAMBU,1,2002,2101
PJE. IQUIQUE,1,802,1051
PJE. IRUYA,1,726,801
PJE. LA AMISTAD,4,0,1
PJE. LA ISLA MALVINA,4,0,1
PJE. MARCOARTU,7,2,11
PJE. MILENRAMA,1,2702,2751
PJE. MOCOVI,1,1122,1201
PJE. PERU (NO OFICIAL),15,0,1
PJE. PLUMERILLO ROSADO,1,2802,2851
PJE. PRIMAVERA,4,0,1
PJE. RUDA,1,2802,2851
PJE. SAN BLAS,4,0,1
PJE. SAN JORGE,4,0,1
PJE. TARTAGAL,12,5802,5901
PJE. TRUJILLO,1,1082,1127
PJE. TUPIZA,14,3902,4001
PJE. UYUNI,1,952,1051
PJE. VINAL,1,2702,2751
PJE. WICHI,1,1056,1201
PJE. YPACARAI,1,832,901
PJE.(ALT. BENEDETTI 170),10,3910,4001
PJE.PART. (YERBAL 5949),10,102,161
PJE.PART.(BALBOA 458),15,2,11
PJE.PART.(RIVADAVIA 11080,9,2,83
PLACIDO MARTINEZ,7,2002,2101
PLANES,6,0,1601
PLAZA,12,0,4901
PLAZA,15,0,1801
PLUMERILLO,8,0,4001
PLUS ULTRA,12,2702,2801
PLUTARCO,12,3002,3101
POLA,8,2602,4401
POLA,9,0,2601
POLICARPO MOM,13,0,1
POLONIA,9,7102,7201
PONTEDERIA,1,2102,2201
PORTELA,0,0,1401
PORTELA,7,0,1901
PORTELA,8,0,3601
PORTILLO,10,1202,1301
PORTUGAL,6,502,601
POSADAS,1,1002,1301
POSADAS,2,1302,1801
POSTA,12,4402,4801
POSTA DE HORNILLOS,8,5002,5201
POTOSI,5,3702,4501
PRACTICO POLIZA,4,902,1101
PRAGA,15,1302,1401
PREFECTURA NAVAL ARGENTINA,1,0,3001
PRELADO DON BUENAVENTURA RISSO PATRON,9,2,151
PRES. EDUARDO V. HAEDO,2,1902,2001
PRES. TORRES Y TENORIO,7,2002,2701
PRES.JOSE E. URIBURU,2,802,1801
PRES.JOSE E. URIBURU,3,2,801
PRES.LUIS SAENZ PEÃA,1,2,2101
PRES.MANUEL QUINTANA,1,2,201
PRES.MANUEL QUINTANA,2,202,401
PRES.ROBERTO M. ORTIZ,2,1802,2001
PRILIDIANO PUEYRREDON,9,4102,4201
PRIMERA JUNTA,7,1352,3501
PRIMERA JUNTA,9,0,5801
PRINGLES,5,2,1201
PRINGLES,14,1302,1501
PRINGLES,15,1202,1301
PROMETEO,12,3002,3201
PROVINCIAS UNIDAS,7,302,401
PUAN,6,2,601
PUAN,7,602,2101
PUENTE ALSINA,4,0,1
PUENTE ALT. BERMUDEZ,11,0,1
PUENTE ALT. MOZART,9,0,1
PUENTE ALT. PQUE SARMIENTO NORTE,12,0,1
PUENTE ALT. PQUE SARMIENTO SUR,12,0,1
PUENTE ALT. SAN JUAN BAUTISTA DE LA SALLE,9,0,1
PUENTE ARGERICH,7,0,1
PUENTE ARREGUI,10,0,1
PUENTE AV. DIRECTORIO,9,0,1
PUENTE AV.SAN MARTIN,15,0,1
PUENTE AV.UDAONDO,13,902,951
PUENTE BOQUERON HUMAITA,9,0,1
PUENTE BOSCH,4,0,1
PUENTE CABALLITO,6,0,399
PUENTE CONSEJAL PEDRO BUSTOS,0,0,1
PUENTE CORRALES,8,0,1
PUENTE DE LA IGUALDAD,1,0,1
PUENTE DE LA MUJER,1,0,1
PUENTE DE LA ROSA,8,0,1
PUENTE DEL INCA,12,4002,4101
PUENTE GALLARDO,10,0,1
PUENTE GOLETA SANTA CRUZ,8,0,1
PUENTE GRAL FRUCTUOSO RIVERA,8,0,1
PUENTE HELGUERA,7,0,1
PUENTE JUAN BAUTISTA LA SALLE,12,0,1
PUENTE LA COMUNIDAD ORGANIZADA,8,0,1
PUENTE LACARRA - OLÃMPICO RIBERA SUR,0,0,1
PUENTE LACARRA - OLÃMPICO RIBERA SUR,8,0,1
PUENTE MADARIAGA,8,0,1
PUENTE MARIANO ACHA,12,0,1
PUENTE NICOLAS AVELLANEDA,4,0,1
PUENTE PARRAL,6,0,1
PUENTE PEATONAL,8,0,1
PUENTE PEATONAL,12,0,1
PUENTE PEATONAL ALT. AGUARIBAY,10,0,1
PUENTE PEATONAL ALT. GREGORIO LAFERRERE,9,0,1
PUENTE PEATONAL CARLOS SANCHEZ VIAMONTE,2,0,1
PUENTE PEATONAL CORVALAN,8,0,1
PUENTE PEATONAL EX PARQUE DE LA CIUDAD,8,0,1
PUENTE PEATONAL HOSPITAL GARRAHAN,4,0,1
PUENTE PEATONAL MADERO,9,0,1
PUENTE PEATONAL MIRALLA,0,0,1
PUENTE PEATONAL RETIRO,1,0,1
PUENTE PEATONAL VICTOR HUGO,10,0,1
PUENTE PEATONAL VIRGILIO,10,0,1
PUENTE PRINGLES,5,0,1
PUENTE PUEYRREDON,0,0,1
PUENTE SANCHEZ DE BUSTAMANTE,0,0,1
PUENTE SCALABRINI ORTIZ,13,0,1
PUENTE SENDERO BOLIVIA,11,0,1
PUENTE SENDERO SOBRE LUGONES,13,0,1
PUENTE SOBRE VÃAS - GUTIÃRREZ,11,0,1
PUENTE SOBRE VÃAS CHORROARÃN,15,0,1
PUENTE SOBRE VÃAS ELCANO,15,0,1
PUENTE TAPALQUE,9,0,1
PUENTE ULRICO SCHMIDL,9,0,1
PUENTE VEDIA,13,0,1
PUENTE VICTORINO DE LA PLAZA,4,0,1
PUENTE ZABALA,13,0,1
PUENTE ZUVIRIA,8,0,1
PUERTO PRINCIPE,13,2502,2601
PUJOL,6,502,1601
PUMA,1,802,1201
PUMACAHUA,7,2,1701
PUNA,4,3502,3661
PUNTA ARENAS,15,0,2101
PUNTA CORRAL,1,2652,2901
PURMAMARCA,1,0,701
QUEBRACHO,12,4802,4901
QUERANDIES,5,4202,4501
QUEROL,7,902,1001
QUESADA,12,0,6101
QUESADA,13,1502,3101
QUETZAL,1,0,1201
QUEVEDO,11,0,4101
QUEVEDO SAMUEL LAFONE,4,0,1
QUICHUA,1,1502,1801
QUILMES,4,0,801
QUINTANA,12,4402,4901
QUINTINO BOCAYUVA,5,2,1801
QUIRNO,7,0,1101
QUIROS,15,2602,3101
QUITO,5,3602,4401
R. ESCALADA DE SAN MARTIN,10,0,5101
R. ESCALADA DE SAN MARTIN,11,1952,3701
R. ESCALADA DE SAN MARTIN,15,0,1101
RAFAEL HERNANDEZ,13,0,3101
RAFAELA,10,3502,5301
RAMALLO,12,0,5001
RAMALLO,13,1602,2401
RAMON J. CARCANO,14,0,1
RAMON Y CAJAL,7,1202,1301
RAMONA MARTINEZ,8,4352,4401
RAMOS MEJIA,6,602,1101
RAMSAY,13,1802,2601
RANQUELES,10,1802,1901
RASTREADOR FOURNIER,12,5602,5701
RAUCH,5,3902,4001
RAUL SCALABRINI ORTIZ,14,2502,3651
RAULET,4,2,301
RAULIES,15,1902,2101
RAWSON,5,2,401
RECONQUISTA,1,0,1201
RECUERDOS DE PROVINCIA,9,0,4651
REGALIZ,1,2620,2701
REGINA PACINI DE ALVEAR,1,2,401
REMEDIOS,7,2602,3201
REMEDIOS,9,0,6101
RENACIMIENTO,4,2702,2801
RENAN,7,1102,1301
RENEE SLOTOPOLSKY DE EPELBAUM,1,0,1301
RENQUE CURA,10,1602,1901
REP. BOLIVARIANA DE VENEZUELA,1,0,1801
REP. BOLIVARIANA DE VENEZUELA,3,1802,3301
REP. BOLIVARIANA DE VENEZUELA,5,0,4501
REPUBLICA,7,502,601
REPUBLICA ARABE SIRIA,14,0,3401
REPUBLICA DE ESLOVENIA,14,1702,2001
REPUBLICA DE INDONESIA,6,2,101
REPUBLICA DE LA INDIA,14,0,3201
REPUBLICA DE SAN MARINO,12,0,1
REPUBLICA DEL LIBANO,2,0,1
REPUBLICA DOMINICANA,14,3302,3601
RESERVISTAS ARGENTINOS,9,52,231
RESURRECCION,11,3102,3201
RICARDO GUIRALDES,8,3002,3201
RICARDO GUTIERREZ,11,0,4901
RICARDO MONNER SANS,10,4402,4501
RIGLOS,6,102,801
RIGLOS,7,802,1301
RINCON,3,2,1601
RIO COLORADO,10,4402,4501
RIO CUARTO,4,1002,4901
RIO DE JANEIRO,0,2,1101
RIO GRANDE,10,102,201
RIO LIMAY,4,0,2001
RIO NEGRO,8,0,6501
RIO PIEDRAS,13,1702,1801
RIO SALADO,11,3302,3601
RIOBAMBA,2,802,1301
RIOBAMBA,3,2,801
RIVADAVIA,1,0,1501
ROBERTO CUNNINGHAME GRAHAM,9,1102,1201
ROBERTO J. PAYRO,9,1902,2001
ROBERTO SANCHEZ,4,0,1
ROBERTSON,7,502,1301
ROCAMORA,5,4002,4601
ROCHA,4,802,1801
ROCHDALE,4,1102,1201
RODNEY,15,2,401
RODOLFO SCAPINO,8,0,6901
RODOLFO WALSH,1,0,1
RODRIGO DE CEPEDA Y AHUMADA,15,2402,2501
RODRIGO DE IBARROLA,11,3102,3501
RODRIGO DE TRIANA,8,0,3401
RODRIGO ORTIZ DE ZARATE,12,3402,3501
RODRIGUEZ PEÃA,1,2,801
RODRIGUEZ PEÃA,2,802,2101
ROGELIO YRURTIA,12,5602,6101
ROJAS,6,2,1101
ROJAS,15,1102,2301
ROMA,10,502,1101
ROMERO,4,0,1101
ROMULO NAON,0,1802,2501
ROMULO NAON,12,0,4401
RONDEAU,1,1502,1801
RONDEAU,4,1802,3301
RONDEAU,5,3302,4301
ROQUE GONZALEZ,7,1302,1401
ROQUE PEREZ,12,2502,4901
ROSALIA DE CASTRO,10,4602,4801
ROSARIO,6,2,901
ROSARIO DE LA FRONTERA,11,4902,5001
ROSARIO VERA PEÃALOZA,1,0,701
ROSETI,15,2,2201
RUBENS,10,4802,4901
RUFINO,12,3002,3201
RUFINO DE ELIZALDE,14,0,2901
RUFINO J. CUERVO,11,2602,2701
RUIZ DE LOS LLANOS,10,0,1601
RUIZ HUIDOBRO,12,0,3601
RUIZ HUIDOBRO,13,1602,2401
RUMANIA,11,2702,2801
RUPERTO GODOY,7,702,801
RUSIA,11,2702,2801
RUSSEL,14,4902,5101
RUY DIAZ DE GUZMAN,4,0,901
SAAVEDRA,3,2,1301
SALADILLO,8,3302,6001
SALADILLO,9,0,3201
SALALA,7,2,101
SALAS,7,0,901
SALCEDO,4,0,3301
SALCEDO,5,3302,4231
SALOM,4,0,701
SALTA,1,2,2101
SALTA,4,0,2301
SALTO,12,4802,4901
SALVIGNY,4,1102,1501
SALVIGNY,7,1502,2001
SALVIGNY (NO OF) - JOSE HERNANDEZ,7,2002,2301
SALVIGNY (NO OFICIAL),7,0,1
SAN ANTONIO,4,0,1301
SAN ANTONIO DE ARECO,4,0,1501
SAN BENITO DE PALERMO,14,1502,1701
SAN BLAS,10,0,5801
SAN BLAS,11,1602,3801
SAN CARLOS,5,2,71
SAN FRANCISCO,4,1602,1701
SAN FRANCISCO DE ASIS,12,3002,3201
SAN IGNACIO,5,3602,3701
SAN IRENEO,6,102,401
SAN JORGE,7,0,1
SAN JOSE,1,2,2101
SAN JOSE DE CALASANZ,6,2,801
SAN JOSE DE CALASANZ,7,802,1201
SAN JUAN,7,0,1
SAN LORENZO,1,202,401
SAN LUIS,3,2402,3301
SAN LUIS,5,3302,3501
SAN MARTIN,1,0,1401
SAN MARTIN DE TOURS,14,2802,3201
SAN MATEO,14,3702,3801
SAN NICOLAS,10,2,801
SAN NICOLAS,11,0,5351
SAN PEDRITO,7,0,1601
SAN PEDRITO,8,0,4001
SAN PEDRO,9,0,7501
SAN PEDRO DE JUJUY,2,0,1
SAN RICARDO,4,2002,2501
SAN ROQUE GONZALEZ DE SANTA CRUZ,4,0,1
SAN SEBASTIAN,6,402,501
SANABRIA,10,602,2601
SANABRIA,11,0,4901
SANCHEZ,11,1702,2301
SANCHEZ DE BUSTAMANTE,0,2,131
SANCHEZ DE BUSTAMANTE,2,0,2601
SANCHEZ DE BUSTAMANTE,5,132,1101
SANCHEZ DE BUSTAMANTE,14,2602,2701
SANCHEZ DE LORIA,0,2,2001
SANLUCAR DE BARRAMEDA,4,0,1
SANTA CATALINA,4,1302,2101
SANTA CATALINA,8,2102,2201
SANTA CRUZ,4,2,301
SANTA ELENA,4,0,1201
SANTA MAGDALENA,4,0,1001
SANTA MARIA DEL BUEN AIRE,4,0,1201
SANTA RITA,4,0,1
SANTA ROSA,14,4902,5201
SANTA TERESA,1,1402,1501
SANTANDER,7,0,3401
SANTANDER,8,4002,6251
SANTANDER,9,0,4001
SANTIAGO CALZADILLA,13,1302,1501
SANTIAGO COSTAMAGNA,8,5702,5901
SANTIAGO DE CHILE,9,6402,6501
SANTIAGO DE COMPOSTELA AV.,0,4052,4201
SANTIAGO DE COMPOSTELA AV.,8,0,1
SANTIAGO DE COMPOSTELA AV.,9,0,4051
SANTIAGO DE LAS CARRERAS,10,0,401
SANTIAGO DEL ESTERO,1,2,2201
SANTO DOMINGO,4,2202,4501
SANTO TOME,10,0,6801
SANTO TOME,11,2302,3901
SANTOS DUMONT,13,3202,3401
SANTOS DUMONT,14,2302,2801
SANTOS DUMONT,15,0,4901
SANTOS IRIGOYEN,4,902,1001
SANTOS VEGA,12,0,5901
SARA BEATRIZ FERNANDEZ,1,2,1801
SARACHAGA,10,4202,5701
SARANDI,3,2,1601
SARAVIA,9,2202,2501
SARAZA,7,402,2601
SARAZA,8,0,6401
SARMIENTO,1,0,1801
SARMIENTO,3,1802,3401
SARMIENTO,5,0,4701
SAUCO,1,2502,2601
SAYOS,8,4902,6101
SEGUNDO IÃIGO CARRERAS,9,7152,7301
SENDERO 14 DE MAYO,8,0,1
SENDERO 6 DE AGOSTO,8,0,1
SENDERO AZOPARDO,1,0,1
SENDERO BO. ROD. BUENO A,1,1702,1751
SENDERO BO. ROD. BUENO B,1,902,1001
SENDERO BO. ROD. BUENO D,1,1752,1801
SENDERO BO. ROD. BUENO E,1,1702,1801
SENDERO CARLOS BERG,8,0,1
SENDERO CONGRESO,12,0,1
SENDERO DE LA FUERZA,8,0,1
SENDERO DE LA PAZ,8,0,1
SENDERO DELLEPIANE,7,0,1
SENDERO ESTOMBA,12,0,1
SENDERO GOLETA SANTA CRUZ,8,0,1
SENDERO LACARRA,8,0,1
SENDERO MUJERES VICTORIOSAS,8,0,1
SENDERO PARQUE CHACABUCO,7,0,1
SENDERO PEATONAL,8,0,1
SENDERO PEATONAL,12,0,1
SENDERO PEATONAL AIZPURUA,12,0,1
SENDERO PEATONAL HELGUERA,12,0,1
SENDERO PEATONAL JARAMILLO,12,0,1
SENDERO PEATONAL MANZANARES,12,0,1
SENDERO PEDRO CALDERON DE LA BARCA,10,0,1
SENDERO PUENTE ALT. ALBARIÃO-MIRALLA,8,0,1
SENDERO PUENTE ALT. COCHABAMBA,1,0,1
SENDERO PUENTE ALT. FREIRE,12,0,1
SENDERO PUENTE ALT. JOSE RUCCI,8,0,1
SENDERO PUENTE ALT. MONTE,9,0,1
SENDERO PUENTE ALT. ZINNY,9,0,1
SENDERO PUENTE AV. SAN MARTIN,0,0,1
SENDERO PUENTE AV. SAN MARTIN,15,0,1
SENDERO PUENTE DORREGO,14,0,1
SENDERO PUENTE LACARRA-CASTAÃARES,7,0,1
SENDERO PUENTE PIEDRA BUENA,8,0,1
SENDERO PUNTA ARENAS,15,0,1
SENDERO RIVERA INDARTE,8,0,1
SENILLOSA,6,2,901
SENILLOSA,7,902,2101
SERRANO,14,0,1601
SERRANO,15,2,1201
SERVET,4,1202,1401
SEVERO GARCIA GRANDE DE ZEQUEIRA,9,5302,7701
SEVILLA,14,2902,3001
SGTO. CABRAL,1,802,901
SGTO. EDUARDO ROMERO,13,2502,2601
SHAKESPEARE,12,4902,5001
SHANGHAI,8,2102,2201
SHANGHAI,9,2002,2101
SIERRA GRANDE,11,2602,2701
SILVIO L. RUGGERI,14,2702,3101
SIMBRON,10,5302,6201
SIMBRON,11,0,5301
SIMON GUERRERO,8,3102,3441
SIMONE DE BEAUVOIR,1,1702,1801
SIN FRONTERAS,7,0,1
SIN NOMBRE OFICIAL (ALT RIESTRA 2480),7,0,1
SIN NOMBRE OFICIAL (ALT. AV ESCALADA 2750),8,0,1
SIN NOMBRE OFICIAL (ALT. AV ESCALADA 2850),8,4502,4901
SIN NOMBRE OFICIAL (ALT. AV EST. BONORINO 2100),7,2002,2301
SIN NOMBRE OFICIAL (ALT. AV RAFAEL OBLIGADO 1170),2,0,1
SIN NOMBRE OFICIAL (ALT. CASTAÃARES 3450),7,2002,2301
SIN NOMBRE OFICIAL (ALT. CASTAÃARES 4595),8,2702,2901
SIN NOMBRE OFICIAL (ALT. CASTAÃARES 4653),8,0,2901
SIN NOMBRE OFICIAL (ALT. CASTAÃARES 4719),8,2852,2901
SIN NOMBRE OFICIAL (ALT. CASTAÃARES 4951),8,0,4801
SIN NOMBRE OFICIAL (ALT. CHARRUA 2300),7,2302,2501
SIN NOMBRE OFICIAL (ALT. CNEL.ROCA 4677),8,0,1
SIN NOMBRE OFICIAL (ALT. CNEL.ROCA 5000),8,0,1
SIN NOMBRE OFICIAL (ALT. DELLEPIANE 4886),8,4802,4901
SIN NOMBRE OFICIAL (ALT. DELLEPIANE 4888),8,4802,4901
SIN NOMBRE OFICIAL (ALT. DELLEPIANE 4990),8,2752,5001
"SIN NOMBRE OFICIAL (ALT. DELLEPIANE, LUIS, TTE. GRAL 4200)",8,2302,2371
"SIN NOMBRE OFICIAL (ALT. DELLEPIANE, LUIS, TTE. GRAL 4210)",8,2302,2381
SIN NOMBRE OFICIAL (ALT. EDISON 2700),2,0,1
SIN NOMBRE OFICIAL (ALT. ESCALADA 2789 S),8,0,4701
SIN NOMBRE OFICIAL (ALT. ESCALADA AL 4500),8,0,1
SIN NOMBRE OFICIAL (ALT. ESCALADA AL 4600),8,0,1
SIN NOMBRE OFICIAL (ALT. ESCALADA AL 4700),8,0,1
SIN NOMBRE OFICIAL (ALT. GURRUCHAGA 1900),14,1952,1981
SIN NOMBRE OFICIAL (ALT. LARRAZABAL 4700),8,0,1
SIN NOMBRE OFICIAL (ALT. LARRAZABAL 4800,8,0,1
SIN NOMBRE OFICIAL (ALT. LARRAZABAL 5200),8,0,1
SIN NOMBRE OFICIAL (ALT. LARRAZABAL 5230),8,0,1
SIN NOMBRE OFICIAL (ALT. LARRAZABAL 5260),8,0,5301
SIN NOMBRE OFICIAL (ALT. LARRAZABAL 5270),8,0,1
SIN NOMBRE OFICIAL (ALT. MIN. BRIN 400),4,102,201
SIN NOMBRE OFICIAL (ALT. MIN. BRIN 450),4,182,201
SIN NOMBRE OFICIAL (ALT. MOZART 2300),8,4202,4321
SIN NOMBRE OFICIAL (ALT. MOZART 2370),8,4202,4401
SIN NOMBRE OFICIAL (ALT. MOZART 2400),8,4202,4271
SIN NOMBRE OFICIAL (ALT. MOZART 2470),8,4202,4301
SIN NOMBRE OFICIAL (ALT. MOZART 2700),8,2802,2901
SIN NOMBRE OFICIAL (ALT. NECOCHEA 100),4,202,301
SIN NOMBRE OFICIAL (ALT. NECOCHEA 200),4,2,101
SIN NOMBRE OFICIAL (ALT. PI Y MARGALL 900),4,902,1001
"SIN NOMBRE OFICIAL (ALT. RIVADAVIA, AV. 4500)",5,0,1
SIN NOMBRE OFICIAL (ALT. SALGUERO 3510),2,0,1
SIN NOMBRE OFICIAL (ALT. SANTANDER 6200),8,3702,3801
SIN NOMBRE OFICIAL (ALT. SARAZA 4200),8,2382,2471
SIN NOMBRE OFICIAL (ALT. SARAZA 4300),8,2372,2501
SIN NOMBRE OFICIAL (ALT. SARAZA 4400),8,2402,2501
SIN NOMBRE OFICIAL (ALT. SARAZA 6400),8,3802,3901
SIN NOMBRE OFICIAL (ALT. SARAZA AL 4200),8,2302,2381
SIN NOMBRE OFICIAL (ALT. TORRES Y TENORIO 2500),7,2102,2201
SIN NOMBRE OFICIAL (ALT. TORRES Y TENORIO 2600),7,0,1
SIN NOMBRE OFICIAL (ALT. ZAVALETA 1331),4,0,1
SIN NOMBRE OFICIAL (AV. CNEL. ROCA 5300),8,0,5101
SIN NOMBRE OFICIAL (AV. CNEL. ROCA 5437),8,0,5051
SIN NOMBRE OFICIAL (AV. COREA AL 1800),7,0,2051
SIN NOMBRE OFICIAL (CONT. VERACRUZ),8,3402,3701
SIN NOMBRE OFICIAL (SALE G.URIBURU 5865),8,4702,5001
SINCLAIR,14,2902,3301
SNO (MARIANO ACOSTA 2500),8,0,1
SOCRATES,12,3002,3101
SOFIA,15,1502,1601
SOLDADO DE LA INDEPENDENCIA,13,0,1531
SOLDADO DE LA INDEPENDENCIA,14,0,1401
SOLER,2,0,3601
SOLER,14,0,6101
SOLIS,1,102,2201
SOMELLERA,4,0,1401
SOMELLERA,7,0,2001
SOMELLERA,8,0,6501
SOR JUANA INES DE LA CRUZ,6,1302,1701
SORIA,14,4902,5201
STEPHENSON,15,2702,2901
SUAREZ,4,0,3701
SUBIDA AV. DE LOS OMBUES,14,202,211
SUD AMERICA,4,1502,1601
SUECIA,10,502,601
SUIPACHA,1,0,1501
SUIZA,11,2002,2101
SUMACA ITATI,8,0,6101
SUMACA SANTISIMA TRINIDAD,8,4956,5401
SUNCHALES,15,402,901
SUPERI,12,0,4901
SUPERI,13,0,2501
TABARE,4,0,2101
TABARE,8,2102,7001
TABEBUIA ROSEA,1,2202,2251
TACUARA,10,1302,1601
TACUARI,1,0,1701
TACUARI,4,1702,2101
TAFI,9,102,201
TAGLE,0,0,2951
TAJY,4,0,1
TALAMPAYA,1,2132,2901
TALAVERA,12,5802,6001
TALCAHUANO,1,2,1301
TANDIL,7,0,3201
TANDIL,9,0,7501
TAPALQUE,9,4302,7501
TARIJA,5,3302,4401
TASSO,15,2602,2801
TEGUCIGALPA,13,1402,1501
TEJEDOR,7,2,1101
TEMPERLEY,13,1102,1201
TENIENTE BENJAMIN MATIENZO,13,2802,3201
TENIENTE BENJAMIN MATIENZO,14,1502,2701
TEODORO GARCIA,13,2402,3501
TEODORO GARCIA,14,1602,2401
TEODORO GARCIA,15,0,4101
TEODORO VILARDEBO,11,1802,3101
TERESA RODRIGUEZ,8,4302,4401
TERRADA,7,2,1101
TERRADA,11,1102,3401
TERRADA,12,0,5901
TERRADA,15,3502,4101
TERRERO,7,0,1101
TERRERO,11,0,3301
TERRERO,15,2302,3001
THAMES,14,1202,2501
THAMES,15,2,1201
THOMPSON,6,402,801
THOMPSON,7,802,901
THORNE,6,302,501
THORNE,7,502,1501
TIERRA DEL FUEGO,4,2502,2601
TILCARA,4,2102,3501
TIMBO,7,1802,1901
TIMBUES,5,2002,2101
TIMOTEO GORDILLO,8,0,5701
TIMOTEO GORDILLO,9,0,2801
TINOGASTA,10,5302,6301
TINOGASTA,11,2702,5301
TINOGASTA,15,2402,2701
TITA MERELLO,4,0,1
TOAY,11,3302,3501
TOBAS,11,3402,3601
TOKIO,11,2002,2101
TOLEDO,9,1502,1601
TOLL,4,2702,2901
TOMAS A. LE BRETON,12,4002,5901
TOMAS ALVAREZ DE ACEVEDO,9,1802,1901
TOMAS LIBERTI,4,302,1301
TOMAS VALENCIA,9,502,601
TONELERO,9,0,7701
TORRENT,15,1102,1501
TOTORA,1,2602,2801
TOTORAL,5,902,1001
TRAFUL,4,0,3901
TREINTA Y TRES ORIENTALES,5,2,2301
TRENQUE LAUQUEN,9,7402,7601
TRES ARROYOS,6,952,1701
TRES ARROYOS,10,3702,4001
TRES ARROYOS,11,1702,3701
TRES ARROYOS,15,0,951
TRES LOMAS,15,502,701
TRES SARGENTOS,1,302,501
TREVERIS,15,2302,2701
TRIESTE,10,4402,4551
TRINIDAD,1,2202,2401
TRINIDAD GUEVARA,1,2,401
TRIPOLI,12,4102,4201
TRIPOLI,15,4002,4101
TROLE,4,0,701
TRONADOR,12,0,4901
TRONADOR,15,0,1801
TTE. 1Âº ROBERTO ESTÃVEZ,8,0,1
TTE. GENERAL EUSTOQUIO FRIAS,15,2,601
TTE. MANUEL SILVESTRE PRUDAN,3,1202,1401
TTE.CANDIDO DE LA SALA,9,7002,7051
TTE.CNEL.CASIMIRO RECUERO,7,0,3401
TTE.CNEL.CASIMIRO RECUERO,9,3402,3801
TTE.CNEL.GREGORIO POMAR,4,0,4401
TTE.GENERAL JUAN DOMINGO PERON,1,0,1801
TTE.GENERAL JUAN DOMINGO PERON,3,1802,3361
TTE.GENERAL JUAN DOMINGO PERON,5,3362,4501
TTE.GRAL. NICOLAS LEVALLE,7,1602,1801
TTE.GRAL.DONATO ALVAREZ,0,2,1701
TTE.GRAL.DONATO ALVAREZ,11,1702,1801
TTE.GRAL.EDUARDO RACEDO,8,5702,6001
TTE.GRAL.LUIS DELLEPIANE,7,0,3701
TTE.GRAL.LUIS DELLEPIANE,8,0,6901
TTE.GRAL.LUIS DELLEPIANE,9,0,4001
TTE.GRAL.PABLO RICCHERI,13,0,3401
TTE.MANUEL FELIX ORIGONE,9,702,1101
TUCUMAN,1,0,1801
TUCUMAN,3,1802,3301
TUCUMAN,5,3302,3901
TUNEZ,13,2502,2601
TUPAC AMARU,10,952,1301
TURIN,15,2902,3401
TURQUIA,4,302,501
TUYU,9,2,101
TUYUTI,9,0,7301
TÃNEL ALTOLAGUIRRE,12,0,1
TÃNEL AV. BALBIN - GOYENECHE GATICA,12,0,1
TÃNEL AV. CABILDO - VIADUCTO CARRANZA,14,0,1
TÃNEL AV. CHORROARIN,15,0,1
TÃNEL AV. DE LOS CONSTITUYENTES,15,0,1
TÃNEL AV. DEL LIBERTADOR,0,0,1
TÃNEL AV. DORREGO,15,0,1
TÃNEL AV. GRAL MOSCONI,11,0,1
TÃNEL AV. MONROE - FRANCISCO SEEBER,0,0,1
TÃNEL AV. SAN MARTIN,11,0,1
TÃNEL AV. SANTA FE - VIADUCTO CARRANZA,14,0,1
TÃNEL AV. SARMIENTO,14,4402,4671
TÃNEL AV.CONGRESO - LUIS ALBERTO SPINETTA,12,0,1
TÃNEL AV.DE LOS CONSTITUYENTES,12,0,1
TÃNEL AV.FRANCISCO BEIRO - GUSTAVO CERATI,15,0,1
TÃNEL BESARES,13,0,1
TÃNEL CONGRESO,13,0,1
TÃNEL CRISOLOGO LARRALDE,13,0,1
TÃNEL DONADO,12,0,1
TÃNEL FEDERICO LACROZE,13,0,1
TÃNEL HOLMBERG,12,0,1
TÃNEL MANUELA PEDRAZA,13,0,1
"TÃNEL NAZCA - GILDA, GUINZBURG, MORES, CALABRÃ",11,0,1
TÃNEL PEATONAL DE LOS CONSTITUYENTES,12,0,1
TÃNEL PUNTA ARENAS,15,0,1
TÃNEL YATAY,5,102,121
TÃNEL ZAMUDIO,12,0,1
UCACHA,7,1502,1601
UGARTECHE,14,0,3401
UKRANIA,11,2902,3201
ULLA ULLA,1,2420,2901
ULRICO SCHMIDL,9,0,7701
ULRICO SCHMIDL,10,5102,5601
UNANUE,8,4792,7001
URDANETA,9,2,171
URDININEA,15,0,1801
URIARTE,14,0,2501
URIARTE,15,802,1201
URIBURU,3,802,901
URIEN,9,7202,7301
URUGUAY,0,802,1401
URUGUAY,1,2,401
URUNDAY,10,1302,1401
USPALLATA,4,0,4201
VALDENEGRO,12,0,5001
VALDERRAMA,12,4002,4201
VALENCIA,7,2002,2101
VALENTIN GOMEZ,3,2602,3401
VALENTIN GOMEZ,5,3402,3901
VALENTIN VIRASORO,6,702,1101
VALENTIN VIRASORO,15,1102,2001
VALLE,6,2,1501
VALLEJOS,11,0,4801
VALLEJOS,12,2102,3301
VALPARAISO,8,0,3701
VARELA,7,2,501
VARELA,8,3502,3801
VARSOVIA,15,2902,3001
VEDIA,12,0,4901
VEDIA,13,1602,2401
VELAZQUEZ,7,0,3501
VENECIA,15,3102,3201
VENIALVO,5,3502,3601
VENTANA,4,0,3901
VENTURA BOSCH,9,6302,7301
VENTURA DE LA VEGA,4,3680,4001
VERA,15,0,1601
VERACRUZ,8,0,3701
VESPUCIO,4,2,601
VIAMONTE,1,0,1801
VIAMONTE,3,1802,3001
VICENTE A.DE ECHEVARRIA,10,5302,5601
VICENTE DE SIMONE,8,5402,5501
VICENTE FIDEL LOPEZ,10,1802,2101
VICENTE LOPEZ,2,1602,2311
VICENTE PEREZ ROSALES,12,4102,4201
VICENTE PEREZ ROSALES,15,4002,4101
VICTOR HUGO,10,0,3001
VICTOR MARTINEZ,6,2,501
VICTOR MARTINEZ,7,0,2001
VICTOR PISSARRO,13,4202,4401
VICTORIA OCAMPO,1,2,401
VICTORIANO E. MONTES,12,4302,4401
VICUÃA,1,0,2201
VIDAL,12,0,4901
VIDAL,13,0,3601
VIDELA CASTILLO,6,802,901
VIDT,14,0,2201
VIEJO PUENTE PUEYRREDON,4,0,1
VIEJOBUENO,9,5102,5401
VIEL,6,202,901
VIEL,7,902,2101
VIENA,10,6402,6701
VIEYRA,1,1902,2001
VIEYTES,4,0,2001
VIGO,10,1102,1201
VILELA,12,0,4801
VILELA,13,1602,2401
VILLA DE MASNOU,8,0,3451
VILLA JUNCAL,11,2402,2501
VILLANUEVA,14,902,1401
VILLARINO,4,0,2701
VILLARROEL,15,0,1501
VINCHINA,9,1502,1601
VIOLETA PARRA,1,0,1801
VIRASORO,14,2302,2401
VIRGILIO,10,0,3201
VIRGINIA WOOLF,4,0,1
VIRREY ARREDONDO,13,0,3601
VIRREY AVILES,13,0,3601
VIRREY AVILES,15,3602,3901
VIRREY CEVALLOS,1,0,2101
VIRREY CISNEROS,11,1602,1701
VIRREY DEL PINO,13,0,3601
VIRREY DEL PINO,15,3602,4401
VIRREY LINIERS,5,2,2401
VIRREY LORETO,13,0,3601
VIRREY LORETO,15,3602,3901
VIRREY MELO,10,902,1001
VIRREY OLAGUER Y FELIU,13,2402,3501
VIRREYES,15,3002,3101
VITO DUMAS,9,302,501
VOLTA,14,1802,1901
VOLTAIRE,14,5802,6001
VUELTA DE OBLIGADO,13,0,4901
VUELTA DE OBLIGADO,14,1102,1301
WAGNER,10,1002,1301
WASHINGTON,12,2502,4401
WASHINGTON,13,1802,2481
WENCESLAO VILLAFAÃE,4,0,1701
WHITE,9,0,2401
WHITE,10,2,601
WILLIAM C. MORRIS,4,3202,3301
YACARE,1,452,701
YAGUARETE,1,0,1127
YAPEYU,5,2,1001
YATAY,5,2,1201
YERBAL,6,2,1701
YERBAL,7,1702,3201
YERBAL,9,6002,6401
YERBAL,10,3202,6001
YERUA,15,0,5201
YMA SUMAC,1,802,1201
YRUPE,9,6702,7001
YUGOSLAVIA,11,3002,3101
ZABALA,0,1502,2401
ZABALA,13,2402,3501
ZABALA,15,3502,4101
ZADO,12,3202,3801
ZAMUDIO,11,3002,3101
ZAMUDIO,12,0,6001
ZAMUDIO,15,0,4101
ZAPALA,7,1502,1601
ZAPATA,13,402,701
ZAPATA,14,2,401
ZAPIOLA,0,2602,3601
ZAPIOLA,12,0,4921
ZAPIOLA,13,0,2501
ZARATE,11,3602,3701
ZARRAGA,13,3302,3521
ZARRAGA,15,3522,4001
ZAVALETA,4,0,1601
ZAVALIA,13,0,2201
ZAÃARTU,7,402,1851
ZELADA,9,0,7701
ZELADA,10,4402,5601
ZELARRAYAN,7,502,1901
ZELARRAYAN,8,4502,6801
ZELAYA,3,3002,3201
ZENTENO,14,3102,3201
ZEPITA,4,2902,3401
ZINNY,9,0,2091
ZURICH,11,3002,3201
ZUVIRIA,7,0,3481
ZUVIRIA,8,4502,7001
ZUVIRIA,9,3902,4501
ÃANDUBAY,1,2702,2851
ÃANDUTI,10,1302,1601
